ID,Type,SKU,"GTIN, UPC, EAN, or ISBN",Name,Published,"Is featured?","Visibility in catalog","Short description",Description,"Date sale price starts","Date sale price ends","Tax status","Tax class","In stock?",Stock,"Low stock amount","Backorders allowed?","Sold individually?","Weight (kg)","Length (cm)","Width (cm)","Height (cm)","Allow customer reviews?","Purchase note","Sale price","Regular price",Categories,Tags,"Shipping class",Images,"Download limit","Download expiry days",Parent,"Grouped products",Upsells,Cross-sells,"External URL","Button text",Position,Brands,"Attribute 1 name","Attribute 1 value(s)","Attribute 1 visible","Attribute 1 global","Attribute 1 default"
6659,simple,MARILYN-1,,"Marilyn Marigold 300 TC Handblock Bedsheet Set | Export Bedsheet Set.",1,0,visible,"<ul>\n 	<li data-section-id=""1b2v2zz"" data-start=""186"" data-end=""237"">🌿 <strong data-start=""475"" data-end=""514"">100%  Cotton  – 300 TC Fabric.</strong></li>\n 	<li data-section-id=""1b2v2zz"" data-start=""186"" data-end=""237"">🧵 <strong data-start=""520"" data-end=""562"">Handcrafted • Durable • Azo Free.</strong></li>\n 	<li data-section-id=""1b2v2zz"" data-start=""186"" data-end=""237"">👑 <strong>King Size 108*108 Inches.</strong></li>\n 	<li data-section-id=""1rjp3pc"" data-start=""334"" data-end=""361"">🔄 <strong data-start=""339"" data-end=""361"">Easy 7-Day Returns.</strong></li>\n</ul>","<h3>Luxurious Comfort Meets Traditional Craft</h3>\nThe Marilyn Monroe 112"" x 112"" <strong>percale cotton bed sheet set</strong> blends modern elegance with timeless Indian craftsmanship. Featuring an original handblock print on a super smooth percale weave, each piece is a work of art that brings warmth and character to your bedroom.\n<h4>Key Features:</h4>\n<ul>\n 	<li><strong>Fabric:</strong> 100% Pure Percale Cotton – soft, breathable, and skin-friendly</li>\n 	<li><strong>Weave:</strong> Percale – smooth &amp; breathable, ideal for all-season comfort</li>\n 	<li><strong>Thread Count:</strong> 300 TC – super smooth feel for everyday luxury</li>\n 	<li><strong>Print:</strong> Original Handblock Print – traditional craftsmanship by skilled artisans</li>\n 	<li><strong>Size:</strong> Flat Sheet: 112"" × 112"" (280 cm × 280 cm) – fits double &amp; king beds</li>\n 	<li><strong>Pillow Covers:</strong> 2 pieces (20"" × 30"")</li>\n 	<li><strong>Quality:</strong> Durable fabric with long-lasting color</li>\n 	<li><strong>Care:</strong> Easy to wash and maintain</li>\n</ul>\nIdeal for daily use, gifting, or elevating your home décor with artisanal charm. Experience premium comfort with lasting quality.",,,taxable,,1,,,0,1,1.2,12,18,1,1,,2999,4999,"Bedsheets > 300 TC Parcale Bedsheets., Bedsheets, Bedsheets > 300 TC Parcale Bedsheets. > Marilyn",,,"https://zafiroindio.com/wp-content/uploads/2026/07/9-5-scaled.jpg, https://zafiroindio.com/wp-content/uploads/2026/07/9-2-1-scaled.jpg, https://zafiroindio.com/wp-content/uploads/2026/07/9-3-scaled.jpg, https://zafiroindio.com/wp-content/uploads/2026/07/9-7-1-scaled.jpg, https://zafiroindio.com/wp-content/uploads/2026/07/9-9-scaled.jpg",,,,,,,,,0,,"Packing Type","Gift Packing, Normal Packing",1,1,
6698,variable,MARILYN-2,,"Marilyn Mist 300 TC Handblock Bedsheet Set",1,0,visible,"A beautifully crafted <strong>100% pure percale cotton bed sheet</strong> set featuring <strong>traditional handblock printing</strong>. Soft, breathable 300 TC percale weave ensures super smooth comfort for everyday use. Includes 1 flat sheet (112""x112"") + 2 pillow covers (20""x30"").","<h3>Luxurious Comfort Meets Traditional Craft</h3>\nThe Marilyn Monroe 112"" x 112"" <strong>percale cotton bed sheet set</strong> blends modern elegance with timeless Indian craftsmanship. Featuring an original handblock print on a super smooth percale weave, each piece is a work of art that brings warmth and character to your bedroom.\n<h4>Key Features:</h4>\n<ul>\n 	<li><strong>Fabric:</strong> 100% Pure Percale Cotton – soft, breathable, and skin-friendly</li>\n 	<li><strong>Weave:</strong> Percale – smooth &amp; breathable, ideal for all-season comfort</li>\n 	<li><strong>Thread Count:</strong> 300 TC – super smooth feel for everyday luxury</li>\n 	<li><strong>Print:</strong> Original Handblock Print – traditional craftsmanship by skilled artisans</li>\n 	<li><strong>Size:</strong> Flat Sheet: 112"" × 112"" (280 cm × 280 cm) – fits double &amp; king beds</li>\n 	<li><strong>Pillow Covers:</strong> 2 pieces (20"" × 30"")</li>\n 	<li><strong>Quality:</strong> Durable fabric with long-lasting color</li>\n 	<li><strong>Care:</strong> Easy to wash and maintain</li>\n</ul>\nIdeal for daily use, gifting, or elevating your home décor with artisanal charm. Experience premium comfort with lasting quality.",,,taxable,,0,,,0,0,,12,18,1,1,,,,"Bedsheets, Bedsheets > 300 TC Parcale Bedsheets. > Marilyn",,,"https://zafiroindio.com/wp-content/uploads/2026/04/Marilyn-Mist-108″-x-108″-Handblock-Printed-Cotton-Bed-Sheet-Set-Design.webp, https://zafiroindio.com/wp-content/uploads/2026/04/Marilyn-Mist-108″-x-108″-Handblock-Printed-Cotton-Bed-Sheet-scaled.webp, https://zafiroindio.com/wp-content/uploads/2026/04/Marilyn-Mist-108″-x-108″-Handblock-Printed-Cotton-Bed-Sheet-Set.webp, https://zafiroindio.com/wp-content/uploads/2026/04/Marilyn-Mist-108″-x-108″-Handblock-Printed-Cotton-Bed-Sheet-Set-Design.webp, https://zafiroindio.com/wp-content/uploads/2026/04/Marilyn-Mist-108″-x-108″-Handblock-Printed-Cotton-Bed-Sheet-Design.webp, https://zafiroindio.com/wp-content/uploads/2026/04/Marilyn-Mist-108″-x-108″-Handblock-Printed-Cotton-Pillow-Set-scaled.webp",,,,,,,,,0,,size,"SUPER KING (112*112 INCHES)",1,1,"SUPER KING (112*112 INCHES)"
6699,simple,MARILYN-3,,"Marilyn Monarch 300 TC Handblock Bedsheet Set | Export Bedsheet Set.",1,0,visible,"🌿 100%  Cotton  – 300 TC Fabric.\n\n🧵 Handcrafted • Durable • Azo Free.\n\n👑 King Size 108*108 Inches.\n<p style=""text-align: left;"">🔄 Easy 7-Day Returns.</p>","<h3>Luxurious Comfort Meets Traditional Craft</h3>\nThe Marilyn Monroe 112"" x 112"" <strong>percale cotton bed sheet set</strong> blends modern elegance with timeless Indian craftsmanship. Featuring an original handblock print on a super smooth percale weave, each piece is a work of art that brings warmth and character to your bedroom.\n<h4>Key Features:</h4>\n<ul>\n 	<li><strong>Fabric:</strong> 100% Pure Percale Cotton – soft, breathable, and skin-friendly</li>\n 	<li><strong>Weave:</strong> Percale – smooth &amp; breathable, ideal for all-season comfort</li>\n 	<li><strong>Thread Count:</strong> 300 TC – super smooth feel for everyday luxury</li>\n 	<li><strong>Print:</strong> Original Handblock Print – traditional craftsmanship by skilled artisans</li>\n 	<li><strong>Size:</strong> Flat Sheet: 112"" × 112"" (280 cm × 280 cm) – fits double &amp; king beds</li>\n 	<li><strong>Pillow Covers:</strong> 2 pieces (20"" × 30"")</li>\n 	<li><strong>Quality:</strong> Durable fabric with long-lasting color</li>\n 	<li><strong>Care:</strong> Easy to wash and maintain</li>\n</ul>\nIdeal for daily use, gifting, or elevating your home décor with artisanal charm. Experience premium comfort with lasting quality.",,,taxable,,1,,,0,1,1.2,12,18,1,1,,2999,4999,"Bedsheets, Bedsheets > 300 TC Parcale Bedsheets. > Marilyn",,,"https://zafiroindio.com/wp-content/uploads/2026/07/5-6-1-scaled.jpg, https://zafiroindio.com/wp-content/uploads/2026/07/5-3-scaled.jpg, https://zafiroindio.com/wp-content/uploads/2026/07/5-4-1-scaled.jpg, https://zafiroindio.com/wp-content/uploads/2026/07/5-8-2-scaled.jpg, https://zafiroindio.com/wp-content/uploads/2026/07/5-10-scaled.jpg",,,,,,,,,0,,size,"SUPER KING (112*112 INCHES)",1,1,
6700,variable,MARILYN-4,,"Marilyn Mallow 300 TC Handblock Bedsheet Set | Export Bedsheet Set.",1,0,visible,"<ul>\n 	<li data-section-id=""1b2v2zz"" data-start=""186"" data-end=""237"">🌿 <strong data-start=""475"" data-end=""514"">100%  Cotton  – 300 TC Fabric.</strong></li>\n 	<li data-section-id=""1b2v2zz"" data-start=""186"" data-end=""237"">🧵 <strong data-start=""520"" data-end=""562"">Handcrafted • Durable • Azo Free.</strong></li>\n 	<li data-section-id=""1b2v2zz"" data-start=""186"" data-end=""237"">👑 <strong>King Size 108*108 Inches.</strong></li>\n 	<li data-section-id=""1rjp3pc"" data-start=""334"" data-end=""361"">🔄 <strong data-start=""339"" data-end=""361"">Easy 7-Day Returns.</strong></li>\n</ul>","<h3>Luxurious Comfort Meets Traditional Craft</h3>\nThe Marilyn Monroe 112"" x 112"" <strong>percale cotton bed sheet set</strong> blends modern elegance with timeless Indian craftsmanship. Featuring an original handblock print on a super smooth percale weave, each piece is a work of art that brings warmth and character to your bedroom.\n<h4>Key Features:</h4>\n<ul>\n 	<li><strong>Fabric:</strong> 100% Pure Percale Cotton – soft, breathable, and skin-friendly</li>\n 	<li><strong>Weave:</strong> Percale – smooth &amp; breathable, ideal for all-season comfort</li>\n 	<li><strong>Thread Count:</strong> 300 TC – super smooth feel for everyday luxury</li>\n 	<li><strong>Print:</strong> Original Handblock Print – traditional craftsmanship by skilled artisans</li>\n 	<li><strong>Size:</strong> Flat Sheet: 112"" × 112"" (280 cm × 280 cm) – fits double &amp; king beds</li>\n 	<li><strong>Pillow Covers:</strong> 2 pieces (20"" × 30"")</li>\n 	<li><strong>Quality:</strong> Durable fabric with long-lasting color</li>\n 	<li><strong>Care:</strong> Easy to wash and maintain</li>\n</ul>\nIdeal for daily use, gifting, or elevating your home décor with artisanal charm. Experience premium comfort with lasting quality.",,,taxable,,1,,,0,0,,12,18,1,1,,,,"Bedsheets, Bedsheets > 300 TC Parcale Bedsheets. > Marilyn",,,"https://zafiroindio.com/wp-content/uploads/2026/07/12-8-1-scaled.jpg, https://zafiroindio.com/wp-content/uploads/2026/07/12-3-1-scaled.jpg, https://zafiroindio.com/wp-content/uploads/2026/07/12-5-1-scaled.jpg, https://zafiroindio.com/wp-content/uploads/2026/07/12-10-scaled.jpg, https://zafiroindio.com/wp-content/uploads/2026/07/12-12-2-scaled.jpg",,,,,,,,,0,,size,"SUPER KING (112*112 INCHES)",1,1,"SUPER KING (112*112 INCHES)"
6702,variable,MARILYN-6,,"Marilyn Mimosa 300 TC Handblock Bedsheet Set | Export Bedsheet Set.",1,0,visible,"<ul>\n 	<li data-section-id=""1b2v2zz"" data-start=""186"" data-end=""237"">🌿 <strong data-start=""475"" data-end=""514"">100%  Cotton  – 300 TC Fabric.</strong></li>\n 	<li data-section-id=""1b2v2zz"" data-start=""186"" data-end=""237"">🧵 <strong data-start=""520"" data-end=""562"">Handcrafted • Durable • Azo Free.</strong></li>\n 	<li data-section-id=""1b2v2zz"" data-start=""186"" data-end=""237"">👑 <strong>King Size 108*108 Inches.</strong></li>\n 	<li data-section-id=""1rjp3pc"" data-start=""334"" data-end=""361"">🔄 <strong data-start=""339"" data-end=""361"">Easy 7-Day Returns.</strong></li>\n</ul>","<h3>Luxurious Comfort Meets Traditional Craft</h3>\nThe Marilyn Monroe 112"" x 112"" <strong>percale cotton bed sheet set</strong> blends modern elegance with timeless Indian craftsmanship. Featuring an original handblock print on a super smooth percale weave, each piece is a work of art that brings warmth and character to your bedroom.\n<h4>Key Features:</h4>\n<ul>\n 	<li><strong>Fabric:</strong> 100% Pure Percale Cotton – soft, breathable, and skin-friendly</li>\n 	<li><strong>Weave:</strong> Percale – smooth &amp; breathable, ideal for all-season comfort</li>\n 	<li><strong>Thread Count:</strong> 300 TC – super smooth feel for everyday luxury</li>\n 	<li><strong>Print:</strong> Original Handblock Print – traditional craftsmanship by skilled artisans</li>\n 	<li><strong>Size:</strong> Flat Sheet: 112"" × 112"" (280 cm × 280 cm) – fits double &amp; king beds</li>\n 	<li><strong>Pillow Covers:</strong> 2 pieces (20"" × 30"")</li>\n 	<li><strong>Quality:</strong> Durable fabric with long-lasting color</li>\n 	<li><strong>Care:</strong> Easy to wash and maintain</li>\n</ul>\nIdeal for daily use, gifting, or elevating your home décor with artisanal charm. Experience premium comfort with lasting quality.",,,taxable,,1,,,0,0,,12,18,1,1,,,,"Bedsheets, Bedsheets > 300 TC Parcale Bedsheets. > Marilyn",,,"https://zafiroindio.com/wp-content/uploads/2026/07/3-6-1-scaled.jpg, https://zafiroindio.com/wp-content/uploads/2026/07/3-3-scaled.jpg, https://zafiroindio.com/wp-content/uploads/2026/07/3-4-scaled.jpg, https://zafiroindio.com/wp-content/uploads/2026/07/3-9-1-scaled.jpg, https://zafiroindio.com/wp-content/uploads/2026/07/3-11-scaled.jpg",,,,,,,,,0,,size,"SUPER KING (112*112 INCHES)",1,1,"SUPER KING (112*112 INCHES)"
7156,simple,THROW-1,,"Sofa Throw Blossom Exclusive 50*70 inches",1,0,visible,"Add a touch of handmade elegance to your home with our premium hand block printed sofa throw. Crafted from pure TNT jute fabric, it offers a soft texture, timeless design, and artisanal charm. Perfect for <strong>3-Seater Sofas</strong>.","• Hand block printed by skilled artisans\n• Made from pure TNT jute fabric\n• Premium quality and long lasting\n• Soft, textured, and comfortable feel\n• Size: 50 x 70 inches\n• Perfect for sofas, beds, and chairs\n• Adds warmth and style to your space\n• Elegant handmade design\n• Easy to style with any décor\n• Ideal for gifting and home styling",,,taxable,,1,1,,0,0,0.8,,,,1,,1199,1999,"Sofa Throws",,,https://zafiroindio.com/wp-content/uploads/2026/05/lifestyle-studio-f2bd0f50-5f23-4808-b52b-d9f96af47bf9-1775736792855.png,,,,,,,,,0,,,,,,
7171,simple,THROW-2,,"Sofa Throw Teal Exclusive 50*70 inches",1,0,visible,"Add a touch of handmade elegance to your home with our premium hand block printed sofa throw. Crafted from pure TNT jute fabric, it offers a soft texture, timeless design, and artisanal charm. Perfect for <strong>3-Seater Sofas</strong>.","• Hand block printed by skilled artisans\n• Made from pure TNT jute fabric\n• Premium quality and long lasting\n• Soft, textured, and comfortable feel\n• Size: 50 x 70 inches\n• Perfect for sofas, beds, and chairs\n• Adds warmth and style to your space\n• Elegant handmade design\n• Easy to style with any décor\n• Ideal for gifting and home styling",,,taxable,,1,3,,0,0,0.8,,,,1,,1199,1999,"Sofa Throws",,,"https://zafiroindio.com/wp-content/uploads/2026/06/lifestyle-studio-ad435f19-e16f-485b-b8ba-29f61c3fd40e-1782374546346.png, https://zafiroindio.com/wp-content/uploads/2026/06/lifestyle-studio-ad435f19-e16f-485b-b8ba-29f61c3fd40e-1782374546346.png",,,,,,,,,0,,,,,,
7172,simple,THROW-3,,"Sofa Throw Coral Exclusive 50*70 inches",1,0,visible,"Add a touch of handmade elegance to your home with our premium hand block printed sofa throw. Crafted from pure TNT jute fabric, it offers a soft texture, timeless design, and artisanal charm. Perfect for <strong>3-Seater Sofas</strong>.","• Hand block printed by skilled artisans\n• Made from pure TNT jute fabric\n• Premium quality and long lasting\n• Soft, textured, and comfortable feel\n• Size: 50 x 70 inches\n• Perfect for sofas, beds, and chairs\n• Adds warmth and style to your space\n• Elegant handmade design\n• Easy to style with any décor\n• Ideal for gifting and home styling",,,taxable,,1,3,,0,0,0.8,,,,1,,1199,1999,"Sofa Throws",,,https://zafiroindio.com/wp-content/uploads/2026/05/product_Sofa-Thrown_Botanical_Tassel_S_3.png,,,,,,,,,0,,,,,,
7173,simple,THROW-4,,"Sofa Throw Mocha Exclusive 50*70 inches",1,0,visible,"Add a touch of handmade elegance to your home with our premium hand block printed sofa throw. Crafted from pure TNT jute fabric, it offers a soft texture, timeless design, and artisanal charm. Perfect for <strong>3-Seater Sofas</strong>.","• Hand block printed by skilled artisans\n• Made from pure TNT jute fabric\n• Premium quality and long lasting\n• Soft, textured, and comfortable feel\n• Size: 50 x 70 inches\n• Perfect for sofas, beds, and chairs\n• Adds warmth and style to your space\n• Elegant handmade design\n• Easy to style with any décor\n• Ideal for gifting and home styling",,,taxable,,0,0,,0,0,0.8,,,,1,,1199,1999,"Sofa Throws",,,https://zafiroindio.com/wp-content/uploads/2026/05/product_Sofa_Serenity_With_Tassel_Flou_5.png,,,,,,,,,0,,,,,,
7181,variable,,,"Teal Hand Block Cotton Rug",1,1,visible,"<ul>\n 	<li data-section-id=""1b2v2zz"" data-start=""186"" data-end=""237"">🌿 <strong data-start=""475"" data-end=""514"">100% Cotton &amp; Jute – Natural Fabric.</strong></li>\n 	<li data-section-id=""1b2v2zz"" data-start=""186"" data-end=""237"">🧵 <strong data-start=""520"" data-end=""562"">Handcrafted • Durable • Azo Free.</strong></li>\n 	<li data-section-id=""1rjp3pc"" data-start=""334"" data-end=""361"">🔄 <strong data-start=""339"" data-end=""361"">Easy 7-Day Returns.</strong></li>\n</ul>","<strong>Hand Block Printed Rugs</strong>\n\n• Handmade by skilled artisans using traditional techniques\n• Beautiful hand block printed designs\n• Crafted from premium quality fabric\n• Soft, durable, and comfortable underfoot\n• Perfect for living rooms, bedrooms, and lounges\n• Adds warmth and elegance to any space\n• Easy to style with modern and traditional décor\n• Lightweight and easy to maintain\n• Available in 3 x 5 ft , 4 x 6 ft and 5 x 7 ft  sizes\n• Ideal for home décor, gifting, and interior styling\n\n<strong>Available Sizes:</strong>\n• 3 x 5 Feet (90 x 150 cm)\n• 4 x 6 Feet (120 x 180 cm)\n\n• 5 x 7 Feet (150 x 210 cm)\n\nBring timeless craftsmanship and artisanal charm to your home with our handcrafted block print rugs, designed to elevate every room with style and comfort.",,,taxable,,1,,,0,0,,,,,1,,,,"Handblock Rugs",,,https://zafiroindio.com/wp-content/uploads/2026/06/lifestyle-studio-373d1b3a-3eff-4a22-bfac-cd82fda9bfb9-1782492645677.png,,,,,,,,,0,,size,"3 ft * 5 ft, 4 ft * 6 ft, 5 ft * 7 ft, 6 ft * 9 ft",1,1,"3 ft * 5 ft"
7182,variation,RUGS-1.1,,"Teal Hand Block Cotton Rug - 4 ft * 6 ft",1,0,visible,,,,,taxable,parent,1,,,0,0,2.1,10,10,10,0,,1999,2999,,,,,,,id:7181,,,,,,2,,size,"4 ft * 6 ft",,1,
7183,variation,RUGS-1,,"Teal Hand Block Cotton Rug - 3 ft * 5 ft",1,0,visible,,,,,taxable,parent,1,,,0,0,1.5,10,10,10,0,,1499,2499,,,,,,,id:7181,,,,,,1,,size,"3 ft * 5 ft",,1,
7185,variable,,,"Blossom Hand Block Cotton Rug",1,1,visible,"<ul>\n 	<li data-section-id=""1b2v2zz"" data-start=""186"" data-end=""237"">🌿 <strong data-start=""475"" data-end=""514"">100% Cotton &amp; Jute – Natural Fabric.</strong></li>\n 	<li data-section-id=""1b2v2zz"" data-start=""186"" data-end=""237"">🧵 <strong data-start=""520"" data-end=""562"">Handcrafted • Durable • Azo Free.</strong></li>\n 	<li data-section-id=""1rjp3pc"" data-start=""334"" data-end=""361"">🔄 <strong data-start=""339"" data-end=""361"">Easy 7-Day Returns.</strong></li>\n</ul>","<strong>Hand Block Printed Rugs</strong>\n\n• Handmade by skilled artisans using traditional techniques\n• Beautiful hand block printed designs\n• Crafted from premium quality fabric\n• Soft, durable, and comfortable underfoot\n• Perfect for living rooms, bedrooms, and lounges\n• Adds warmth and elegance to any space\n• Easy to style with modern and traditional décor\n• Lightweight and easy to maintain\n• Available in 3 x 5 ft , 4 x 6 ft and 5 x 7 ft  sizes\n• Ideal for home décor, gifting, and interior styling\n\n<strong>Available Sizes:</strong>\n• 3 x 5 Feet (90 x 150 cm)\n• 4 x 6 Feet (120 x 180 cm)\n\n• 5 x 7 Feet (150 x 210 cm)\n\nBring timeless craftsmanship and artisanal charm to your home with our handcrafted block print rugs, designed to elevate every room with style and comfort.",,,taxable,,1,,,0,0,,,,,1,,,,"Handblock Rugs",,,https://zafiroindio.com/wp-content/uploads/2026/06/lifestyle-studio-e8736349-b004-4abd-b0da-75e77480365d-1782492637121.png,,,,,,,,,0,,size,"3 ft * 5 ft, 4 ft * 6 ft, 5 ft * 7 ft, 6 ft * 9 ft",1,1,"3 ft * 5 ft"
7186,variation,RUGS-2,,"Blossom Hand Block Cotton Rug - 3 ft * 5 ft",1,0,visible,,,,,taxable,parent,1,,,0,0,1.5,10,10,10,0,,1499,2499,,,,,,,id:7185,,,,,,1,,size,"3 ft * 5 ft",,1,
7187,variation,RUGS-2.1,,"Blossom Hand Block Cotton Rug - 4 ft * 6 ft",1,0,visible,,,,,taxable,parent,1,,,0,0,2.1,10,10,10,0,,1999,2999,,,,,,,id:7185,,,,,,2,,size,"4 ft * 6 ft",,1,
7188,variable,,,"Camellia Hand Block Cotton Rug",1,1,visible,"<ul>\n 	<li data-section-id=""1b2v2zz"" data-start=""186"" data-end=""237"">🌿 <strong data-start=""475"" data-end=""514"">100% Cotton &amp; Jute – Natural Fabric.</strong></li>\n 	<li data-section-id=""1b2v2zz"" data-start=""186"" data-end=""237"">🧵 <strong data-start=""520"" data-end=""562"">Handcrafted • Durable • Azo Free.</strong></li>\n 	<li data-section-id=""1rjp3pc"" data-start=""334"" data-end=""361"">🔄 <strong data-start=""339"" data-end=""361"">Easy 7-Day Returns.</strong></li>\n</ul>","<strong>Hand Block Printed Rugs</strong>\n\n• Handmade by skilled artisans using traditional techniques\n• Beautiful hand block printed designs\n• Crafted from premium quality fabric\n• Soft, durable, and comfortable underfoot\n• Perfect for living rooms, bedrooms, and lounges\n• Adds warmth and elegance to any space\n• Easy to style with modern and traditional décor\n• Lightweight and easy to maintain\n• Available in 3 x 5 ft , 4 x 6 ft and 5 x 7 ft  sizes\n• Ideal for home décor, gifting, and interior styling\n\n<strong>Available Sizes:</strong>\n• 3 x 5 Feet (90 x 150 cm)\n• 4 x 6 Feet (120 x 180 cm)\n\n• 5 x 7 Feet (150 x 210 cm)\n\nBring timeless craftsmanship and artisanal charm to your home with our handcrafted block print rugs, designed to elevate every room with style and comfort.",,,taxable,,1,,,0,0,,,,,1,,,,"Handblock Rugs",,,https://zafiroindio.com/wp-content/uploads/2026/06/lifestyle-studio-c3e49782-530e-407b-8039-8a08ef5440d5-1782492648661.png,,,,,,,,,0,,size,"3 ft * 5 ft, 4 ft * 6 ft, 5 ft * 7 ft, 6 ft * 9 ft",1,1,"3 ft * 5 ft"
7189,variation,RUGS-3,,"Camellia Hand Block Cotton Rug - 3 ft * 5 ft",1,0,visible,,,,,taxable,parent,1,,,0,0,1.5,10,10,10,0,,1499,2499,,,,,,,id:7188,,,,,,1,,size,"3 ft * 5 ft",,1,
7190,variation,RUGS-3.1,,"Camellia Hand Block Cotton Rug - 4 ft * 6 ft",1,0,visible,,,,,taxable,parent,1,,,0,0,1.5,10,10,10,0,,1999,2999,,,,,,,id:7188,,,,,,2,,size,"4 ft * 6 ft",,1,
7194,variable,,,"Floral Hand Block Cotton Rug",1,1,visible,"<ul>\n 	<li data-section-id=""1b2v2zz"" data-start=""186"" data-end=""237"">🌿 <strong data-start=""475"" data-end=""514"">100% Cotton &amp; Jute – Natural Fabric.</strong></li>\n 	<li data-section-id=""1b2v2zz"" data-start=""186"" data-end=""237"">🧵 <strong data-start=""520"" data-end=""562"">Handcrafted • Durable • Azo Free.</strong></li>\n 	<li data-section-id=""1rjp3pc"" data-start=""334"" data-end=""361"">🔄 <strong data-start=""339"" data-end=""361"">Easy 7-Day Returns.</strong></li>\n</ul>","<strong>Hand Block Printed Rugs</strong>\n\n• Handmade by skilled artisans using traditional techniques\n• Beautiful hand block printed designs\n• Crafted from premium quality fabric\n• Soft, durable, and comfortable underfoot\n• Perfect for living rooms, bedrooms, and lounges\n• Adds warmth and elegance to any space\n• Easy to style with modern and traditional décor\n• Lightweight and easy to maintain\n• Available in 3 x 5 ft , 4 x 6 ft and 5 x 7 ft  sizes\n• Ideal for home décor, gifting, and interior styling\n\n<strong>Available Sizes:</strong>\n• 3 x 5 Feet (90 x 150 cm)\n• 4 x 6 Feet (120 x 180 cm)\n\n• 5 x 7 Feet (150 x 210 cm)\n\nBring timeless craftsmanship and artisanal charm to your home with our handcrafted block print rugs, designed to elevate every room with style and comfort.",,,taxable,,1,,,0,0,,,,,1,,,,"Handblock Rugs",,,https://zafiroindio.com/wp-content/uploads/2026/06/lifestyle-studio-94179336-09d7-4dd7-8ad8-a687b8dab288-1782492645236.png,,,,,,,,,0,,size,"3 ft * 5 ft, 4 ft * 6 ft, 5 ft * 7 ft, 6 ft * 9 ft",1,1,"3 ft * 5 ft"
7195,variation,RUGS-4,,"Floral Hand Block Cotton Rug - 3 ft * 5 ft",1,0,visible,,,,,taxable,parent,1,,,0,0,1.5,10,10,10,0,,1499,2499,,,,,,,id:7194,,,,,,1,,size,"3 ft * 5 ft",,1,
7196,variation,RUGS-4.1,,"Floral Hand Block Cotton Rug - 4 ft * 6 ft",1,0,visible,,,,,taxable,parent,1,,,0,0,2.1,10,10,10,0,,1999,2999,,,,,,,id:7194,,,,,,2,,size,"4 ft * 6 ft",,1,
7197,variable,,,"Amber Hand Block Cotton Rug",1,1,visible,"<ul>\n 	<li data-section-id=""1b2v2zz"" data-start=""186"" data-end=""237"">🌿 <strong data-start=""475"" data-end=""514"">100% Cotton &amp; Jute – Natural Fabric.</strong></li>\n 	<li data-section-id=""1b2v2zz"" data-start=""186"" data-end=""237"">🧵 <strong data-start=""520"" data-end=""562"">Handcrafted • Durable • Azo Free.</strong></li>\n 	<li data-section-id=""1rjp3pc"" data-start=""334"" data-end=""361"">🔄 <strong data-start=""339"" data-end=""361"">Easy 7-Day Returns.</strong></li>\n</ul>","<strong>Hand Block Printed Rugs</strong>\n\n• Handmade by skilled artisans using traditional techniques\n• Beautiful hand block printed designs\n• Crafted from premium quality fabric\n• Soft, durable, and comfortable underfoot\n• Perfect for living rooms, bedrooms, and lounges\n• Adds warmth and elegance to any space\n• Easy to style with modern and traditional décor\n• Lightweight and easy to maintain\n• Available in 3 x 5 ft , 4 x 6 ft and 5 x 7 ft  sizes\n• Ideal for home décor, gifting, and interior styling\n\n<strong>Available Sizes:</strong>\n• 3 x 5 Feet (90 x 150 cm)\n• 4 x 6 Feet (120 x 180 cm)\n\n• 5 x 7 Feet (150 x 210 cm)\n\nBring timeless craftsmanship and artisanal charm to your home with our handcrafted block print rugs, designed to elevate every room with style and comfort.",,,taxable,,1,,,0,0,,,,,1,,,,"Handblock Rugs",,,https://zafiroindio.com/wp-content/uploads/2026/06/lifestyle-studio-731c2d4c-3e8f-49e7-b169-ccfe9bc412b6-1782492649562.png,,,,,,,,,0,,size,"3 ft * 5 ft, 4 ft * 6 ft, 5 ft * 7 ft, 6 ft * 9 ft",1,1,"3 ft * 5 ft"
7198,variation,RUGS-5,,"Amber Hand Block Cotton Rug - 3 ft * 5 ft",1,0,visible,,,,,taxable,parent,1,,,0,0,1.4,10,10,10,0,,1499,2499,,,,,,,id:7197,,,,,,1,,size,"3 ft * 5 ft",,1,
7199,variation,RUGS-5.1,,"Amber Hand Block Cotton Rug - 4 ft * 6 ft",1,0,visible,,,,,taxable,parent,1,,,0,0,2.1,10,10,10,0,,1999,2999,,,,,,,id:7197,,,,,,2,,size,"4 ft * 6 ft",,1,
7216,variable,,,"Desert Rose Hand Block Cotton Rug",1,1,visible,"<ul>\n 	<li data-section-id=""1b2v2zz"" data-start=""186"" data-end=""237"">🌿 <strong data-start=""475"" data-end=""514"">100% Cotton &amp; Jute – Natural Fabric.</strong></li>\n 	<li data-section-id=""1b2v2zz"" data-start=""186"" data-end=""237"">🧵 <strong data-start=""520"" data-end=""562"">Handcrafted • Durable • Azo Free.</strong></li>\n 	<li data-section-id=""1rjp3pc"" data-start=""334"" data-end=""361"">🔄 <strong data-start=""339"" data-end=""361"">Easy 7-Day Returns.</strong></li>\n</ul>","<strong>Hand Block Printed Rugs</strong>\n\n• Handmade by skilled artisans using traditional techniques\n• Beautiful hand block printed designs\n• Crafted from premium quality fabric\n• Soft, durable, and comfortable underfoot\n• Perfect for living rooms, bedrooms, and lounges\n• Adds warmth and elegance to any space\n• Easy to style with modern and traditional décor\n• Lightweight and easy to maintain\n• Available in 3 x 5 ft , 4 x 6 ft and 5 x 7 ft  sizes\n• Ideal for home décor, gifting, and interior styling\n\n<strong>Available Sizes:</strong>\n• 3 x 5 Feet (90 x 150 cm)\n• 4 x 6 Feet (120 x 180 cm)\n\n• 5 x 7 Feet (150 x 210 cm)\n\nBring timeless craftsmanship and artisanal charm to your home with our handcrafted block print rugs, designed to elevate every room with style and comfort.",,,taxable,,1,,,0,0,,,,,1,,,,"Handblock Rugs",,,https://zafiroindio.com/wp-content/uploads/2026/06/lifestyle-studio-4ea1246b-94e1-4d64-b66a-36ceba43b2b8-1782494106376.png,,,,,,,,,0,,size,"3 ft * 5 ft, 4 ft * 6 ft, 5 ft * 7 ft, 6 ft * 9 ft",1,1,"3 ft * 5 ft"
7217,variation,RUGS-6,,"Desert Rose Hand Block Cotton Rug - 3 ft * 5 ft",1,0,visible,,,,,taxable,parent,1,,,0,0,1.5,10,10,10,0,,1499,2499,,,,,,,id:7216,,,,,,1,,size,"3 ft * 5 ft",,1,
7218,variation,RUGS-5.1-6,,"Desert Rose Hand Block Cotton Rug - 4 ft * 6 ft",1,0,visible,,,,,taxable,parent,1,,,0,0,2.1,10,10,10,0,,1999,2999,,,,,,,id:7216,,,,,,2,,size,"4 ft * 6 ft",,1,
7222,variable,,,"Indigo Hand Block Cotton Rug",1,1,visible,"<ul>\n 	<li data-section-id=""1b2v2zz"" data-start=""186"" data-end=""237"">🌿 <strong data-start=""475"" data-end=""514"">100% Cotton &amp; Jute – Natural Fabric.</strong></li>\n 	<li data-section-id=""1b2v2zz"" data-start=""186"" data-end=""237"">🧵 <strong data-start=""520"" data-end=""562"">Handcrafted • Durable • Azo Free.</strong></li>\n 	<li data-section-id=""1rjp3pc"" data-start=""334"" data-end=""361"">🔄 <strong data-start=""339"" data-end=""361"">Easy 7-Day Returns.</strong></li>\n</ul>","<strong>Hand Block Printed Rugs</strong>\n\n• Handmade by skilled artisans using traditional techniques\n• Beautiful hand block printed designs\n• Crafted from premium quality fabric\n• Soft, durable, and comfortable underfoot\n• Perfect for living rooms, bedrooms, and lounges\n• Adds warmth and elegance to any space\n• Easy to style with modern and traditional décor\n• Lightweight and easy to maintain\n• Available in 3 x 5 ft , 4 x 6 ft and 5 x 7 ft  sizes\n• Ideal for home décor, gifting, and interior styling\n\n<strong>Available Sizes:</strong>\n• 3 x 5 Feet (90 x 150 cm)\n• 4 x 6 Feet (120 x 180 cm)\n\n• 5 x 7 Feet (150 x 210 cm)\n\nBring timeless craftsmanship and artisanal charm to your home with our handcrafted block print rugs, designed to elevate every room with style and comfort.",,,taxable,,1,,,0,0,,,,,1,,,,"Handblock Rugs",,,https://zafiroindio.com/wp-content/uploads/2026/06/lifestyle-studio-3ed825cc-e474-4131-8032-bdd1cd9667ad-1782492639518.png,,,,,,,,,0,,size,"3 ft * 5 ft, 4 ft * 6 ft, 5 ft * 7 ft, 6 ft * 9 ft",1,1,"3 ft * 5 ft"
7223,variation,RUGS-7,,"Indigo Hand Block Cotton Rug - 3 ft * 5 ft",1,0,visible,,,,,taxable,parent,1,,,0,0,2,10,10,10,0,,1499,2499,,,,,,,id:7222,,,,,,1,,size,"3 ft * 5 ft",,1,
7224,variation,RUGS-5.1-7,,"Indigo Hand Block Cotton Rug - 4 ft * 6 ft",1,0,visible,,,,,taxable,parent,1,,,0,0,2.1,10,10,10,0,,1999,2999,,,,,,,id:7222,,,,,,2,,size,"4 ft * 6 ft",,1,
7225,variable,,,"Petal Hand Block Cotton Rug",1,1,visible,"<ul>\n 	<li data-section-id=""1b2v2zz"" data-start=""186"" data-end=""237"">🌿 <strong data-start=""475"" data-end=""514"">100% Cotton &amp; Jute – Natural Fabric.</strong></li>\n 	<li data-section-id=""1b2v2zz"" data-start=""186"" data-end=""237"">🧵 <strong data-start=""520"" data-end=""562"">Handcrafted • Durable • Azo Free.</strong></li>\n 	<li data-section-id=""1rjp3pc"" data-start=""334"" data-end=""361"">🔄 <strong data-start=""339"" data-end=""361"">Easy 7-Day Returns.</strong></li>\n</ul>","<strong>Hand Block Printed Rugs</strong>\n\n• Handmade by skilled artisans using traditional techniques\n• Beautiful hand block printed designs\n• Crafted from premium quality fabric\n• Soft, durable, and comfortable underfoot\n• Perfect for living rooms, bedrooms, and lounges\n• Adds warmth and elegance to any space\n• Easy to style with modern and traditional décor\n• Lightweight and easy to maintain\n• Available in 3 x 5 ft , 4 x 6 ft and 5 x 7 ft  sizes\n• Ideal for home décor, gifting, and interior styling\n\n<strong>Available Sizes:</strong>\n• 3 x 5 Feet (90 x 150 cm)\n• 4 x 6 Feet (120 x 180 cm)\n\n• 5 x 7 Feet (150 x 210 cm)\n\nBring timeless craftsmanship and artisanal charm to your home with our handcrafted block print rugs, designed to elevate every room with style and comfort.",,,taxable,,1,,,0,0,,,,,1,,,,"Handblock Rugs",,,https://zafiroindio.com/wp-content/uploads/2026/06/lifestyle-studio-c8a1d8c5-a97c-49fd-8f3c-18ff9dc0bcd4-1782492638180.png,,,,,,,,,0,,size,"3 ft * 5 ft, 4 ft * 6 ft, 5 ft * 7 ft, 6 ft * 9 ft",1,1,"3 ft * 5 ft"
7226,variation,RUGS-8,,"Petal Hand Block Cotton Rug - 3 ft * 5 ft",1,0,visible,,,,,taxable,parent,1,,,0,0,1.5,10,10,10,0,,1499,2499,,,,,,,id:7225,,,,,,1,,size,"3 ft * 5 ft",,1,
7227,variation,RUGS-5.1-8,,"Petal Hand Block Cotton Rug - 4 ft * 6 ft",1,0,visible,,,,,taxable,parent,1,,,0,0,2.1,10,10,10,0,,1999,2999,,,,,,,id:7225,,,,,,2,,size,"4 ft * 6 ft",,1,
7229,simple,THROW-5,,"Sofa Throw Amber Exclusive 50*70 inches",1,0,visible,"Add a touch of handmade elegance to your home with our premium hand block printed sofa throw. Crafted from pure TNT jute fabric, it offers a soft texture, timeless design, and artisanal charm. Perfect for <strong>3-Seater Sofas</strong>.","• Hand block printed by skilled artisans\n• Made from pure TNT jute fabric\n• Premium quality and long lasting\n• Soft, textured, and comfortable feel\n• Size: 50 x 70 inches\n• Perfect for sofas, beds, and chairs\n• Adds warmth and style to your space\n• Elegant handmade design\n• Easy to style with any décor\n• Ideal for gifting and home styling",,,taxable,,1,2,,0,0,0.8,,,,1,,1199,1999,"Sofa Throws",,,https://zafiroindio.com/wp-content/uploads/2026/05/product_Sofa-Spread_Tassels__Botanical_7.png,,,,,,,,,0,,,,,,
7230,simple,THROW-6,,"Sofa Throw Aqua Exclusive 50*70 inches",1,0,visible,"Add a touch of handmade elegance to your home with our premium hand block printed sofa throw. Crafted from pure TNT jute fabric, it offers a soft texture, timeless design, and artisanal charm. Perfect for <strong>3-Seater Sofas</strong>.","• Hand block printed by skilled artisans\n• Made from pure TNT jute fabric\n• Premium quality and long lasting\n• Soft, textured, and comfortable feel\n• Size: 50 x 70 inches\n• Perfect for sofas, beds, and chairs\n• Adds warmth and style to your space\n• Elegant handmade design\n• Easy to style with any décor\n• Ideal for gifting and home styling",,,taxable,,1,11,,0,0,0.8,,,,1,,1199,1999,"Sofa Throws",,,"https://zafiroindio.com/wp-content/uploads/2026/06/lifestyle-studio-61400237-23ac-4e7e-9da3-d848e01a1fd2-1782374546388.png, https://zafiroindio.com/wp-content/uploads/2026/06/lifestyle-studio-61400237-23ac-4e7e-9da3-d848e01a1fd2-1782374546388.png",,,,,,,,,0,,,,,,
7231,simple,THROW-7,,"Sofa Throw Neo Exclusive 50*70 inches",1,0,visible,"Add a touch of handmade elegance to your home with our premium hand block printed sofa throw. Crafted from pure TNT jute fabric, it offers a soft texture, timeless design, and artisanal charm. Perfect for <strong>3-Seater Sofas</strong>.","• Hand block printed by skilled artisans\n• Made from pure TNT jute fabric\n• Premium quality and long lasting\n• Soft, textured, and comfortable feel\n• Size: 50 x 70 inches\n• Perfect for sofas, beds, and chairs\n• Adds warmth and style to your space\n• Elegant handmade design\n• Easy to style with any décor\n• Ideal for gifting and home styling",,,taxable,,1,8,,0,0,0.8,,,,1,,1199,1999,"Sofa Throws",,,"https://zafiroindio.com/wp-content/uploads/2026/06/lifestyle-studio-dbcb4a9f-a38f-4c8d-973e-d2548b24b5cb-1782374546549.png, https://zafiroindio.com/wp-content/uploads/2026/06/lifestyle-studio-dbcb4a9f-a38f-4c8d-973e-d2548b24b5cb-1782374546549.png",,,,,,,,,0,,,,,,
7233,simple,THROW-8,,"Sofa Throw Glory Exclusive 50*70 inches",1,0,visible,"Add a touch of handmade elegance to your home with our premium hand block printed sofa throw. Crafted from pure TNT jute fabric, it offers a soft texture, timeless design, and artisanal charm. Perfect for <strong>3-Seater Sofas</strong>.","• Hand block printed by skilled artisans\n• Made from pure TNT jute fabric\n• Premium quality and long lasting\n• Soft, textured, and comfortable feel\n• Size: 50 x 70 inches\n• Perfect for sofas, beds, and chairs\n• Adds warmth and style to your space\n• Elegant handmade design\n• Easy to style with any décor\n• Ideal for gifting and home styling",,,taxable,,0,0,,0,0,0.8,,,,1,,1199,1999,"Sofa Throws",,,https://zafiroindio.com/wp-content/uploads/2026/05/product_Boho_Tassels__Sofa_Serenity_9.png,,,,,,,,,0,,,,,,
7234,simple,THROW-9,,"Sofa Throw Desert Motif Exclusive 50*70 inches",1,0,visible,"Add a touch of handmade elegance to your home with our premium hand block printed sofa throw. Crafted from pure TNT jute fabric, it offers a soft texture, timeless design, and artisanal charm. Perfect for <strong>3-Seater Sofas</strong>.","• Hand block printed by skilled artisans\n• Made from pure TNT jute fabric\n• Premium quality and long lasting\n• Soft, textured, and comfortable feel\n• Size: 50 x 70 inches\n• Perfect for sofas, beds, and chairs\n• Adds warmth and style to your space\n• Elegant handmade design\n• Easy to style with any décor\n• Ideal for gifting and home styling",,,taxable,,1,2,,0,0,0.8,,,,1,,1199,1999,"Sofa Throws",,,https://zafiroindio.com/wp-content/uploads/2026/05/product_Sofa_Serenity_Tassel_Showcase_4.png,,,,,,,,,0,,,,,,
7249,simple,THROW-10,,"Sofa Throw Amber Exclusive 50*70 inches",1,0,visible,"Add a touch of handmade elegance to your home with our premium hand block printed sofa throw. Crafted from pure TNT jute fabric, it offers a soft texture, timeless design, and artisanal charm. Perfect for <strong>3-Seater Sofas</strong>.","• Hand block printed by skilled artisans\n• Made from pure TNT jute fabric\n• Premium quality and long lasting\n• Soft, textured, and comfortable feel\n• Size: 50 x 70 inches\n• Perfect for sofas, beds, and chairs\n• Adds warmth and style to your space\n• Elegant handmade design\n• Easy to style with any décor\n• Ideal for gifting and home styling",,,taxable,,1,3,,0,0,0.8,,,,1,,1199,1999,"Sofa Throws",,,"https://zafiroindio.com/wp-content/uploads/2026/06/lifestyle-studio-22804285-8451-4614-8e97-a1640671b8d2-1782374546909.png, https://zafiroindio.com/wp-content/uploads/2026/06/lifestyle-studio-22804285-8451-4614-8e97-a1640671b8d2-1782374546909.png",,,,,,,,,0,,,,,,
7250,simple,THROW-11,,"Sofa Throw Petal Exclusive 50*70 inches",1,0,visible,"Add a touch of handmade elegance to your home with our premium hand block printed sofa throw. Crafted from pure TNT jute fabric, it offers a soft texture, timeless design, and artisanal charm. Perfect for <strong>3-Seater Sofas</strong>.","• Hand block printed by skilled artisans\n• Made from pure TNT jute fabric\n• Premium quality and long lasting\n• Soft, textured, and comfortable feel\n• Size: 50 x 70 inches\n• Perfect for sofas, beds, and chairs\n• Adds warmth and style to your space\n• Elegant handmade design\n• Easy to style with any décor\n• Ideal for gifting and home styling",,,taxable,,1,4,,0,0,0.8,,,,1,,1199,1999,"Sofa Throws",,,"https://zafiroindio.com/wp-content/uploads/2026/06/lifestyle-studio-576f2f26-c3e3-495d-958f-dc7c45524d33-1782374546681.png, https://zafiroindio.com/wp-content/uploads/2026/06/lifestyle-studio-576f2f26-c3e3-495d-958f-dc7c45524d33-1782374546681.png",,,,,,,,,0,,,,,,
7251,simple,THROW-12,,"Sofa Throw Date Tree Exclusive 50*70 inches",1,0,visible,"Add a touch of handmade elegance to your home with our premium hand block printed sofa throw. Crafted from pure TNT jute fabric, it offers a soft texture, timeless design, and artisanal charm. Perfect for <strong>3-Seater Sofas</strong>.","• Hand block printed by skilled artisans\n• Made from pure TNT jute fabric\n• Premium quality and long lasting\n• Soft, textured, and comfortable feel\n• Size: 50 x 70 inches\n• Perfect for sofas, beds, and chairs\n• Adds warmth and style to your space\n• Elegant handmade design\n• Easy to style with any décor\n• Ideal for gifting and home styling",,,taxable,,0,0,,0,0,0.8,,,,1,,1199,1999,"Sofa Throws",,,"https://zafiroindio.com/wp-content/uploads/2026/06/lifestyle-studio-0e9dc39c-f9a1-4061-bd69-a3d9aaf1fb3d-1782375219521.png, https://zafiroindio.com/wp-content/uploads/2026/06/lifestyle-studio-0e9dc39c-f9a1-4061-bd69-a3d9aaf1fb3d-1782375219521.png",,,,,,,,,0,,,,,,
7252,simple,THROW-13,,"Sofa Throw Spring Exclusive 50*70 inches",1,0,visible,"Add a touch of handmade elegance to your home with our premium hand block printed sofa throw. Crafted from pure TNT jute fabric, it offers a soft texture, timeless design, and artisanal charm. Perfect for <strong>3-Seater Sofas</strong>.","• Hand block printed by skilled artisans\n• Made from pure TNT jute fabric\n• Premium quality and long lasting\n• Soft, textured, and comfortable feel\n• Size: 50 x 70 inches\n• Perfect for sofas, beds, and chairs\n• Adds warmth and style to your space\n• Elegant handmade design\n• Easy to style with any décor\n• Ideal for gifting and home styling",,,taxable,,1,3,,0,0,0.8,,,,1,,1199,1999,"Sofa Throws",,,"https://zafiroindio.com/wp-content/uploads/2026/06/lifestyle-studio-498fe9f0-36c5-4062-9150-5f17c936659a-1782374546805.png, https://zafiroindio.com/wp-content/uploads/2026/06/lifestyle-studio-498fe9f0-36c5-4062-9150-5f17c936659a-1782374546805.png",,,,,,,,,0,,,,,,
7253,simple,THROW-14,,"Sofa Throw Saffron Exclusive 50*70 inches",1,0,visible,"Add a touch of handmade elegance to your home with our premium hand block printed sofa throw. Crafted from pure TNT jute fabric, it offers a soft texture, timeless design, and artisanal charm. Perfect for <strong>3-Seater Sofas</strong>.","• Hand block printed by skilled artisans\n• Made from pure TNT jute fabric\n• Premium quality and long lasting\n• Soft, textured, and comfortable feel\n• Size: 50 x 70 inches\n• Perfect for sofas, beds, and chairs\n• Adds warmth and style to your space\n• Elegant handmade design\n• Easy to style with any décor\n• Ideal for gifting and home styling",,,taxable,,1,2,,0,0,0.8,,,,1,,1199,1999,"Sofa Throws",,,"https://zafiroindio.com/wp-content/uploads/2026/06/lifestyle-studio-7d671bc0-1bac-4b31-b676-9a55f4146a6f-1782374546366.png, https://zafiroindio.com/wp-content/uploads/2026/06/lifestyle-studio-7d671bc0-1bac-4b31-b676-9a55f4146a6f-1782374546366.png",,,,,,,,,0,,,,,,
7254,simple,THROW-15,,"Sofa Throw Meadow Exclusive 50*70 inches",1,0,visible,"Add a touch of handmade elegance to your home with our premium hand block printed sofa throw. Crafted from pure TNT jute fabric, it offers a soft texture, timeless design, and artisanal charm. Perfect for <strong>3-Seater Sofas</strong>.","• Hand block printed by skilled artisans\n• Made from pure TNT jute fabric\n• Premium quality and long lasting\n• Soft, textured, and comfortable feel\n• Size: 50 x 70 inches\n• Perfect for sofas, beds, and chairs\n• Adds warmth and style to your space\n• Elegant handmade design\n• Easy to style with any décor\n• Ideal for gifting and home styling",,,taxable,,1,4,,0,0,0.8,,,,1,,1199,1999,"Sofa Throws",,,"https://zafiroindio.com/wp-content/uploads/2026/06/lifestyle-studio-2a694fa3-bebd-4f73-9899-6cdf608fa3df-1782374546659.png, https://zafiroindio.com/wp-content/uploads/2026/06/lifestyle-studio-2a694fa3-bebd-4f73-9899-6cdf608fa3df-1782374546659.png",,,,,,,,,0,,,,,,
7271,variable,,,"Bloom Hand Block Cotton Rug",1,1,visible,"<ul>\n 	<li data-section-id=""1b2v2zz"" data-start=""186"" data-end=""237"">🌿 <strong data-start=""475"" data-end=""514"">100% Cotton &amp; Jute – Natural Fabric.</strong></li>\n 	<li data-section-id=""1b2v2zz"" data-start=""186"" data-end=""237"">🧵 <strong data-start=""520"" data-end=""562"">Handcrafted • Durable • Azo Free.</strong></li>\n 	<li data-section-id=""1rjp3pc"" data-start=""334"" data-end=""361"">🔄 <strong data-start=""339"" data-end=""361"">Easy 7-Day Returns.</strong></li>\n</ul>","<strong>Hand Block Printed Rugs</strong>\n\n• Handmade by skilled artisans using traditional techniques\n• Beautiful hand block printed designs\n• Crafted from premium quality fabric\n• Soft, durable, and comfortable underfoot\n• Perfect for living rooms, bedrooms, and lounges\n• Adds warmth and elegance to any space\n• Easy to style with modern and traditional décor\n• Lightweight and easy to maintain\n• Available in 3 x 5 ft , 4 x 6 ft and 5 x 7 ft  sizes\n• Ideal for home décor, gifting, and interior styling\n\n<strong>Available Sizes:</strong>\n• 3 x 5 Feet (90 x 150 cm)\n• 4 x 6 Feet (120 x 180 cm)\n\n• 5 x 7 Feet (150 x 210 cm)\n\nBring timeless craftsmanship and artisanal charm to your home with our handcrafted block print rugs, designed to elevate every room with style and comfort.",,,taxable,,1,,,0,0,,,,,1,,,,"Handblock Rugs",,,https://zafiroindio.com/wp-content/uploads/2026/06/lifestyle-studio-3dccf2b0-2311-4087-a039-b7bb6c48ecc5-1782481904210.png,,,,,,,,,0,,size,"3 ft * 5 ft, 4 ft * 6 ft, 5 ft * 7 ft, 6 ft * 9 ft",1,1,"3 ft * 5 ft"
7272,variation,RUGS-11,,"Bloom Hand Block Cotton Rug - 3 ft * 5 ft",1,0,visible,,,,,taxable,parent,1,,,0,0,1.5,10,10,10,0,,1499,2499,,,,,,,id:7271,,,,,,1,,size,"3 ft * 5 ft",,1,
7273,variation,RUGS-5.1-10,,"Bloom Hand Block Cotton Rug - 4 ft * 6 ft",1,0,visible,,,,,taxable,parent,1,,,0,0,2.1,10,10,10,0,,1999,2999,,,,,,,id:7271,,,,,,2,,size,"4 ft * 6 ft",,1,
7278,variable,,,"Cosmos Hand Block Cotton Rug",1,1,visible,"<ul>\n 	<li data-section-id=""1b2v2zz"" data-start=""186"" data-end=""237"">🌿 <strong data-start=""475"" data-end=""514"">100% Cotton &amp; Jute – Natural Fabric.</strong></li>\n 	<li data-section-id=""1b2v2zz"" data-start=""186"" data-end=""237"">🧵 <strong data-start=""520"" data-end=""562"">Handcrafted • Durable • Azo Free.</strong></li>\n 	<li data-section-id=""1rjp3pc"" data-start=""334"" data-end=""361"">🔄 <strong data-start=""339"" data-end=""361"">Easy 7-Day Returns.</strong></li>\n</ul>","<strong>Hand Block Printed Rugs</strong>\n\n• Handmade by skilled artisans using traditional techniques\n• Beautiful hand block printed designs\n• Crafted from premium quality fabric\n• Soft, durable, and comfortable underfoot\n• Perfect for living rooms, bedrooms, and lounges\n• Adds warmth and elegance to any space\n• Easy to style with modern and traditional décor\n• Lightweight and easy to maintain\n• Available in 3 x 5 ft and 4 x 6 ft sizes\n• Ideal for home décor, gifting, and interior styling\n\n<strong>Available Sizes:</strong>\n• 3 x 5 Feet (90 x 150 cm)\n• 4 x 6 Feet (120 x 180 cm)\n\nBring timeless craftsmanship and artisanal charm to your home with our handcrafted block print rugs, designed to elevate every room with style and comfort.",,,taxable,,1,,,0,0,,,,,1,,,,"Handblock Rugs",,,https://zafiroindio.com/wp-content/uploads/2026/06/lifestyle-studio-8337e27f-7054-43e4-9131-7e2f746e44fc-1782481909123.png,,,,,,,,,0,,size,"3 ft * 5 ft, 4 ft * 6 ft, 5 ft * 7 ft, 6 ft * 9 ft",1,1,"3 ft * 5 ft"
7279,variation,RUGS-12,,"Cosmos Hand Block Cotton Rug - 3 ft * 5 ft",1,0,visible,,,,,taxable,parent,1,,,0,0,1.5,10,10,10,0,,1499,2499,,,,,,,id:7278,,,,,,1,,size,"3 ft * 5 ft",,1,
7280,variation,RUGS-5.1-11,,"Cosmos Hand Block Cotton Rug - 4 ft * 6 ft",1,0,visible,,,,,taxable,parent,1,,,0,0,2.1,10,10,10,0,,1999,2999,,,,,,,id:7278,,,,,,2,,size,"4 ft * 6 ft",,1,
7281,variable,,,"Begonia Hand Block Cotton Rug",1,1,visible,"<ul>\n 	<li data-section-id=""1b2v2zz"" data-start=""186"" data-end=""237"">🌿 <strong data-start=""475"" data-end=""514"">100% Cotton &amp; Jute – Natural Fabric.</strong></li>\n 	<li data-section-id=""1b2v2zz"" data-start=""186"" data-end=""237"">🧵 <strong data-start=""520"" data-end=""562"">Handcrafted • Durable • Azo Free.</strong></li>\n 	<li data-section-id=""1rjp3pc"" data-start=""334"" data-end=""361"">🔄 <strong data-start=""339"" data-end=""361"">Easy 7-Day Returns.</strong></li>\n</ul>","<strong>Hand Block Printed Rugs</strong>\n\n• Handmade by skilled artisans using traditional techniques\n• Beautiful hand block printed designs\n• Crafted from premium quality fabric\n• Soft, durable, and comfortable underfoot\n• Perfect for living rooms, bedrooms, and lounges\n• Adds warmth and elegance to any space\n• Easy to style with modern and traditional décor\n• Lightweight and easy to maintain\n• Available in 3 x 5 ft , 4 x 6 ft and 5 x 7 ft  sizes\n• Ideal for home décor, gifting, and interior styling\n\n<strong>Available Sizes:</strong>\n• 3 x 5 Feet (90 x 150 cm)\n• 4 x 6 Feet (120 x 180 cm)\n\n• 5 x 7 Feet (150 x 210 cm)\n\nBring timeless craftsmanship and artisanal charm to your home with our handcrafted block print rugs, designed to elevate every room with style and comfort.",,,taxable,,1,,,0,0,,,,,1,,,,"Handblock Rugs",,,https://zafiroindio.com/wp-content/uploads/2026/06/lifestyle-studio-8724e7a3-b9df-400a-a38b-4e343a0d556b-1782481907178.png,,,,,,,,,0,,size,"3 ft * 5 ft, 4 ft * 6 ft, 5 ft * 7 ft, 6 ft * 9 ft",1,1,"3 ft * 5 ft"
7282,variation,RUGS-13,,"Begonia Hand Block Cotton Rug - 3 ft * 5 ft",1,0,visible,,,,,taxable,parent,1,,,0,0,1.5,10,10,10,0,,1499,2499,,,,,,,id:7281,,,,,,1,,size,"3 ft * 5 ft",,1,
7283,variation,RUGS-5.1-12,,"Begonia Hand Block Cotton Rug - 4 ft * 6 ft",1,0,visible,,,,,taxable,parent,1,,,0,0,2,10,10,10,0,,1999,2999,,,,,,,id:7281,,,,,,2,,size,"4 ft * 6 ft",,1,
7284,variable,,,"Midnight Hand Block Cotton Rug",1,1,visible,"<ul>\n 	<li data-section-id=""1b2v2zz"" data-start=""186"" data-end=""237"">🌿 <strong data-start=""475"" data-end=""514"">100% Cotton &amp; Jute – Natural Fabric</strong></li>\n 	<li data-section-id=""1b2v2zz"" data-start=""186"" data-end=""237"">🧵 <strong data-start=""520"" data-end=""562"">Handcrafted • Durable • Azo Free</strong></li>\n 	<li data-section-id=""1rjp3pc"" data-start=""334"" data-end=""361"">🔄 <strong data-start=""339"" data-end=""361"">Easy 7-Day Returns.</strong></li>\n 	","<strong>Hand Block Printed Rugs</strong>\n\n• Handmade by skilled artisans using traditional techniques\n• Beautiful hand block printed designs\n• Crafted from premium quality fabric\n• Soft, durable, and comfortable underfoot\n• Perfect for living rooms, bedrooms, and lounges\n• Adds warmth and elegance to any space\n• Easy to style with modern and traditional décor\n• Lightweight and easy to maintain\n• Available in 3 x 5 ft , 4 x 6 ft and 5 x 7 ft  sizes\n• Ideal for home décor, gifting, and interior styling\n\n<strong>Available Sizes:</strong>\n• 3 x 5 Feet (90 x 150 cm)\n• 4 x 6 Feet (120 x 180 cm)\n\n• 5 x 7 Feet (150 x 210 cm)\n\nBring timeless craftsmanship and artisanal charm to your home with our handcrafted block print rugs, designed to elevate every room with style and comfort.",,,taxable,,1,,,0,0,,,,,1,,,,"Handblock Rugs",,,https://zafiroindio.com/wp-content/uploads/2026/06/lifestyle-studio-b33b6d68-b21f-46b7-8c3a-896f7deb39c0-1782481906885.png,,,,,,,,,0,,size,"3 ft * 5 ft, 4 ft * 6 ft, 5 ft * 7 ft, 6 ft * 9 ft",1,1,"3 ft * 5 ft"
7285,variation,RUGS-14,,"Midnight Hand Block Cotton Rug - 3 ft * 5 ft",1,0,visible,,,,,taxable,parent,1,,,0,0,1.5,10,10,10,0,,1499,2499,,,,,,,id:7284,,,,,,1,,size,"3 ft * 5 ft",,1,
7286,variation,RUGS-5.1-13,,"Midnight Hand Block Cotton Rug - 4 ft * 6 ft",1,0,visible,,,,,taxable,parent,1,,,0,0,2.1,10,10,10,0,,1999,2999,,,,,,,id:7284,,,,,,2,,size,"4 ft * 6 ft",,1,
7344,simple,,,"RUNNER MOCHA (13*72 INCHES) FOR 6 SEATER DINING TABLE",1,0,visible,,"<h3 class=""PDq2pG_selectionAnchorContainer"" data-section-id=""d4jz9q"" data-start=""70"" data-end=""96""><span role=""text""><strong data-start=""74"" data-end=""96"">Product Highlights</strong></span></h3>\n<ul data-start=""97"" data-end=""1182"">\n 	<li data-section-id=""1xv57qd"" data-start=""97"" data-end=""186"">🌸 <strong data-start=""102"" data-end=""134"">Premium Canvas Cotton Fabric</strong> – Durable, soft, and crafted for everyday elegance.</li>\n 	<li data-section-id=""1kw7pkz"" data-start=""187"" data-end=""304"">🎨 <strong data-start=""192"" data-end=""221"">Authentic Handblock Print</strong> – Traditional artisan handblock printing adds timeless charm to your dining space.</li>\n 	<li data-section-id=""66eflk"" data-start=""305"" data-end=""395"">📏 <strong data-start=""310"" data-end=""327"">Perfect Size:</strong> <strong data-start=""328"" data-end=""346"">13 × 72 Inches</strong> – Ideal for 4-seater and 6-seater dining tables.</li>\n 	<li data-section-id=""9mashk"" data-start=""396"" data-end=""512"">✨ <strong data-start=""400"" data-end=""425"">Elegant Floral Design</strong> – Beautiful handblock floral motifs with a decorative border for a sophisticated look.</li>\n 	<li data-section-id=""hj7ssc"" data-start=""513"" data-end=""618"">🏡 <strong data-start=""518"" data-end=""540"">Enhances Any Décor</strong> – Complements modern, rustic, bohemian, farmhouse, and traditional interiors.</li>\n 	<li data-section-id=""1yra0gu"" data-start=""619"" data-end=""711"">🌿 <strong data-start=""624"" data-end=""652"">Made from Natural Cotton</strong> – Breathable, eco-friendly, and comfortable for daily use.</li>\n 	<li data-section-id=""1o8xol7"" data-start=""712"" data-end=""842"">🍽️ <strong data-start=""718"" data-end=""748"">Perfect for Every Occasion</strong> – Suitable for everyday dining, festive celebrations, family dinners, and special gatherings.</li>\n 	<li data-section-id=""1cv9lxp"" data-start=""843"" data-end=""937"">🧵 <strong data-start=""848"" data-end=""870"">Fine Craftsmanship</strong> – Carefully stitched edges ensure durability and a premium finish.</li>\n 	<li data-section-id=""n22mf1"" data-start=""938"" data-end=""1053"">🧺 <strong data-start=""943"" data-end=""963"">Easy to Maintain</strong> – Gentle hand wash or machine wash separately in cold water. Do not bleach. Dry in shade.</li>\n 	<li data-section-id=""1nh02v4"" data-start=""1054"" data-end=""1182"">🎁 <strong data-start=""1059"" data-end=""1085"">Thoughtful Gift Choice</strong> – A beautiful gift for housewarmings, weddings, anniversaries, festivals, and home décor lovers.</li>\n</ul>",,,taxable,,1,,,0,0,0.4,5,5,1,1,,599,999,"Dining Table Runners",,,https://zafiroindio.com/wp-content/uploads/2026/07/lifestyle-studio-f2662454-f6a1-46ad-be24-be4d900c06f4-1783161523856.png,,,,,,,,,0,,,,,,
7357,simple,,,"RUNNER AMBER (13*72 INCHES) FOR 6 SEATER DINING TABLE",1,0,visible,,"<h3 class=""PDq2pG_selectionAnchorContainer"" data-section-id=""d4jz9q"" data-start=""70"" data-end=""96""><span role=""text""><strong data-start=""74"" data-end=""96"">Product Highlights</strong></span></h3>\n<ul data-start=""97"" data-end=""1182"">\n 	<li data-section-id=""1xv57qd"" data-start=""97"" data-end=""186"">🌸 <strong data-start=""102"" data-end=""134"">Premium Canvas Cotton Fabric</strong> – Durable, soft, and crafted for everyday elegance.</li>\n 	<li data-section-id=""1kw7pkz"" data-start=""187"" data-end=""304"">🎨 <strong data-start=""192"" data-end=""221"">Authentic Handblock Print</strong> – Traditional artisan handblock printing adds timeless charm to your dining space.</li>\n 	<li data-section-id=""66eflk"" data-start=""305"" data-end=""395"">📏 <strong data-start=""310"" data-end=""327"">Perfect Size:</strong> <strong data-start=""328"" data-end=""346"">13 × 72 Inches</strong> – Ideal for 4-seater and 6-seater dining tables.</li>\n 	<li data-section-id=""9mashk"" data-start=""396"" data-end=""512"">✨ <strong data-start=""400"" data-end=""425"">Elegant Floral Design</strong> – Beautiful handblock floral motifs with a decorative border for a sophisticated look.</li>\n 	<li data-section-id=""hj7ssc"" data-start=""513"" data-end=""618"">🏡 <strong data-start=""518"" data-end=""540"">Enhances Any Décor</strong> – Complements modern, rustic, bohemian, farmhouse, and traditional interiors.</li>\n 	<li data-section-id=""1yra0gu"" data-start=""619"" data-end=""711"">🌿 <strong data-start=""624"" data-end=""652"">Made from Natural Cotton</strong> – Breathable, eco-friendly, and comfortable for daily use.</li>\n 	<li data-section-id=""1o8xol7"" data-start=""712"" data-end=""842"">🍽️ <strong data-start=""718"" data-end=""748"">Perfect for Every Occasion</strong> – Suitable for everyday dining, festive celebrations, family dinners, and special gatherings.</li>\n 	<li data-section-id=""1cv9lxp"" data-start=""843"" data-end=""937"">🧵 <strong data-start=""848"" data-end=""870"">Fine Craftsmanship</strong> – Carefully stitched edges ensure durability and a premium finish.</li>\n 	<li data-section-id=""n22mf1"" data-start=""938"" data-end=""1053"">🧺 <strong data-start=""943"" data-end=""963"">Easy to Maintain</strong> – Gentle hand wash or machine wash separately in cold water. Do not bleach. Dry in shade.</li>\n 	<li data-section-id=""1nh02v4"" data-start=""1054"" data-end=""1182"">🎁 <strong data-start=""1059"" data-end=""1085"">Thoughtful Gift Choice</strong> – A beautiful gift for housewarmings, weddings, anniversaries, festivals, and home décor lovers.</li>\n</ul>",,,taxable,,1,,,0,0,0.4,5,5,1,1,,599,999,"Dining Table Runners",,,https://zafiroindio.com/wp-content/uploads/2026/07/product_Dining_table_setup_1.png,,,,,,,,,0,,,,,,
7373,simple,,,"RUNNER ALPHA (13*72 INCHES) FOR 6 SEATER DINING TABLE",1,0,visible,,"<h3 class=""PDq2pG_selectionAnchorContainer"" data-section-id=""d4jz9q"" data-start=""70"" data-end=""96""><span role=""text""><strong data-start=""74"" data-end=""96"">Product Highlights</strong></span></h3>\n<ul data-start=""97"" data-end=""1182"">\n 	<li data-section-id=""1xv57qd"" data-start=""97"" data-end=""186"">🌸 <strong data-start=""102"" data-end=""134"">Premium Canvas Cotton Fabric</strong> – Durable, soft, and crafted for everyday elegance.</li>\n 	<li data-section-id=""1kw7pkz"" data-start=""187"" data-end=""304"">🎨 <strong data-start=""192"" data-end=""221"">Authentic Handblock Print</strong> – Traditional artisan handblock printing adds timeless charm to your dining space.</li>\n 	<li data-section-id=""66eflk"" data-start=""305"" data-end=""395"">📏 <strong data-start=""310"" data-end=""327"">Perfect Size:</strong> <strong data-start=""328"" data-end=""346"">13 × 72 Inches</strong> – Ideal for 4-seater and 6-seater dining tables.</li>\n 	<li data-section-id=""9mashk"" data-start=""396"" data-end=""512"">✨ <strong data-start=""400"" data-end=""425"">Elegant Floral Design</strong> – Beautiful handblock floral motifs with a decorative border for a sophisticated look.</li>\n 	<li data-section-id=""hj7ssc"" data-start=""513"" data-end=""618"">🏡 <strong data-start=""518"" data-end=""540"">Enhances Any Décor</strong> – Complements modern, rustic, bohemian, farmhouse, and traditional interiors.</li>\n 	<li data-section-id=""1yra0gu"" data-start=""619"" data-end=""711"">🌿 <strong data-start=""624"" data-end=""652"">Made from Natural Cotton</strong> – Breathable, eco-friendly, and comfortable for daily use.</li>\n 	<li data-section-id=""1o8xol7"" data-start=""712"" data-end=""842"">🍽️ <strong data-start=""718"" data-end=""748"">Perfect for Every Occasion</strong> – Suitable for everyday dining, festive celebrations, family dinners, and special gatherings.</li>\n 	<li data-section-id=""1cv9lxp"" data-start=""843"" data-end=""937"">🧵 <strong data-start=""848"" data-end=""870"">Fine Craftsmanship</strong> – Carefully stitched edges ensure durability and a premium finish.</li>\n 	<li data-section-id=""n22mf1"" data-start=""938"" data-end=""1053"">🧺 <strong data-start=""943"" data-end=""963"">Easy to Maintain</strong> – Gentle hand wash or machine wash separately in cold water. Do not bleach. Dry in shade.</li>\n 	<li data-section-id=""1nh02v4"" data-start=""1054"" data-end=""1182"">🎁 <strong data-start=""1059"" data-end=""1085"">Thoughtful Gift Choice</strong> – A beautiful gift for housewarmings, weddings, anniversaries, festivals, and home décor lovers.</li>\n</ul>",,,taxable,,1,,,0,0,0.4,5,5,1,1,,599,999,"Dining Table Runners",,,https://zafiroindio.com/wp-content/uploads/2026/07/product_Styled_dining_setup_6.png,,,,,,,,,0,,,,,,
7374,simple,,,"RUNNER BLOSSOM (13*72 INCHES) FOR 6 SEATER DINING TABLE",1,0,visible,,"<h3 class=""PDq2pG_selectionAnchorContainer"" data-section-id=""d4jz9q"" data-start=""70"" data-end=""96""><span role=""text""><strong data-start=""74"" data-end=""96"">Product Highlights</strong></span></h3>\n<ul data-start=""97"" data-end=""1182"">\n 	<li data-section-id=""1xv57qd"" data-start=""97"" data-end=""186"">🌸 <strong data-start=""102"" data-end=""134"">Premium Canvas Cotton Fabric</strong> – Durable, soft, and crafted for everyday elegance.</li>\n 	<li data-section-id=""1kw7pkz"" data-start=""187"" data-end=""304"">🎨 <strong data-start=""192"" data-end=""221"">Authentic Handblock Print</strong> – Traditional artisan handblock printing adds timeless charm to your dining space.</li>\n 	<li data-section-id=""66eflk"" data-start=""305"" data-end=""395"">📏 <strong data-start=""310"" data-end=""327"">Perfect Size:</strong> <strong data-start=""328"" data-end=""346"">13 × 72 Inches</strong> – Ideal for 4-seater and 6-seater dining tables.</li>\n 	<li data-section-id=""9mashk"" data-start=""396"" data-end=""512"">✨ <strong data-start=""400"" data-end=""425"">Elegant Floral Design</strong> – Beautiful handblock floral motifs with a decorative border for a sophisticated look.</li>\n 	<li data-section-id=""hj7ssc"" data-start=""513"" data-end=""618"">🏡 <strong data-start=""518"" data-end=""540"">Enhances Any Décor</strong> – Complements modern, rustic, bohemian, farmhouse, and traditional interiors.</li>\n 	<li data-section-id=""1yra0gu"" data-start=""619"" data-end=""711"">🌿 <strong data-start=""624"" data-end=""652"">Made from Natural Cotton</strong> – Breathable, eco-friendly, and comfortable for daily use.</li>\n 	<li data-section-id=""1o8xol7"" data-start=""712"" data-end=""842"">🍽️ <strong data-start=""718"" data-end=""748"">Perfect for Every Occasion</strong> – Suitable for everyday dining, festive celebrations, family dinners, and special gatherings.</li>\n 	<li data-section-id=""1cv9lxp"" data-start=""843"" data-end=""937"">🧵 <strong data-start=""848"" data-end=""870"">Fine Craftsmanship</strong> – Carefully stitched edges ensure durability and a premium finish.</li>\n 	<li data-section-id=""n22mf1"" data-start=""938"" data-end=""1053"">🧺 <strong data-start=""943"" data-end=""963"">Easy to Maintain</strong> – Gentle hand wash or machine wash separately in cold water. Do not bleach. Dry in shade.</li>\n 	<li data-section-id=""1nh02v4"" data-start=""1054"" data-end=""1182"">🎁 <strong data-start=""1059"" data-end=""1085"">Thoughtful Gift Choice</strong> – A beautiful gift for housewarmings, weddings, anniversaries, festivals, and home décor lovers.</li>\n</ul>",,,taxable,,1,,,0,0,0.4,5,5,1,1,,599,999,"Dining Table Runners",,,"https://zafiroindio.com/wp-content/uploads/2026/07/product_Styled_dining_setup_1.png, https://zafiroindio.com/wp-content/uploads/2026/07/product_Styled_dining_setup_3.png",,,,,,,,,0,,,,,,
7375,simple,,,"RUNNER ROSE (13*72 INCHES) FOR 6 SEATER DINING TABLE",1,0,visible,,"<h3 class=""PDq2pG_selectionAnchorContainer"" data-section-id=""d4jz9q"" data-start=""70"" data-end=""96""><span role=""text""><strong data-start=""74"" data-end=""96"">Product Highlights</strong></span></h3>\n<ul data-start=""97"" data-end=""1182"">\n 	<li data-section-id=""1xv57qd"" data-start=""97"" data-end=""186"">🌸 <strong data-start=""102"" data-end=""134"">Premium Canvas Cotton Fabric</strong> – Durable, soft, and crafted for everyday elegance.</li>\n 	<li data-section-id=""1kw7pkz"" data-start=""187"" data-end=""304"">🎨 <strong data-start=""192"" data-end=""221"">Authentic Handblock Print</strong> – Traditional artisan handblock printing adds timeless charm to your dining space.</li>\n 	<li data-section-id=""66eflk"" data-start=""305"" data-end=""395"">📏 <strong data-start=""310"" data-end=""327"">Perfect Size:</strong> <strong data-start=""328"" data-end=""346"">13 × 72 Inches</strong> – Ideal for 4-seater and 6-seater dining tables.</li>\n 	<li data-section-id=""9mashk"" data-start=""396"" data-end=""512"">✨ <strong data-start=""400"" data-end=""425"">Elegant Floral Design</strong> – Beautiful handblock floral motifs with a decorative border for a sophisticated look.</li>\n 	<li data-section-id=""hj7ssc"" data-start=""513"" data-end=""618"">🏡 <strong data-start=""518"" data-end=""540"">Enhances Any Décor</strong> – Complements modern, rustic, bohemian, farmhouse, and traditional interiors.</li>\n 	<li data-section-id=""1yra0gu"" data-start=""619"" data-end=""711"">🌿 <strong data-start=""624"" data-end=""652"">Made from Natural Cotton</strong> – Breathable, eco-friendly, and comfortable for daily use.</li>\n 	<li data-section-id=""1o8xol7"" data-start=""712"" data-end=""842"">🍽️ <strong data-start=""718"" data-end=""748"">Perfect for Every Occasion</strong> – Suitable for everyday dining, festive celebrations, family dinners, and special gatherings.</li>\n 	<li data-section-id=""1cv9lxp"" data-start=""843"" data-end=""937"">🧵 <strong data-start=""848"" data-end=""870"">Fine Craftsmanship</strong> – Carefully stitched edges ensure durability and a premium finish.</li>\n 	<li data-section-id=""n22mf1"" data-start=""938"" data-end=""1053"">🧺 <strong data-start=""943"" data-end=""963"">Easy to Maintain</strong> – Gentle hand wash or machine wash separately in cold water. Do not bleach. Dry in shade.</li>\n 	<li data-section-id=""1nh02v4"" data-start=""1054"" data-end=""1182"">🎁 <strong data-start=""1059"" data-end=""1085"">Thoughtful Gift Choice</strong> – A beautiful gift for housewarmings, weddings, anniversaries, festivals, and home décor lovers.</li>\n</ul>",,,taxable,,1,,,0,0,0.4,5,5,1,1,,599,999,"Dining Table Runners",,,"https://zafiroindio.com/wp-content/uploads/2026/07/product_Dining_table_overview_2.png, https://zafiroindio.com/wp-content/uploads/2026/07/product_Scale_with_dinnerware_7.png",,,,,,,,,0,,,,,,
7376,simple,,,"RUNNER MIDNIGHT (13*72 INCHES) FOR 6 SEATER DINING TABLE",1,0,visible,,"<h3 class=""PDq2pG_selectionAnchorContainer"" data-section-id=""d4jz9q"" data-start=""70"" data-end=""96""><span role=""text""><strong data-start=""74"" data-end=""96"">Product Highlights</strong></span></h3>\n<ul data-start=""97"" data-end=""1182"">\n 	<li data-section-id=""1xv57qd"" data-start=""97"" data-end=""186"">🌸 <strong data-start=""102"" data-end=""134"">Premium Canvas Cotton Fabric</strong> – Durable, soft, and crafted for everyday elegance.</li>\n 	<li data-section-id=""1kw7pkz"" data-start=""187"" data-end=""304"">🎨 <strong data-start=""192"" data-end=""221"">Authentic Handblock Print</strong> – Traditional artisan handblock printing adds timeless charm to your dining space.</li>\n 	<li data-section-id=""66eflk"" data-start=""305"" data-end=""395"">📏 <strong data-start=""310"" data-end=""327"">Perfect Size:</strong> <strong data-start=""328"" data-end=""346"">13 × 72 Inches</strong> – Ideal for 4-seater and 6-seater dining tables.</li>\n 	<li data-section-id=""9mashk"" data-start=""396"" data-end=""512"">✨ <strong data-start=""400"" data-end=""425"">Elegant Floral Design</strong> – Beautiful handblock floral motifs with a decorative border for a sophisticated look.</li>\n 	<li data-section-id=""hj7ssc"" data-start=""513"" data-end=""618"">🏡 <strong data-start=""518"" data-end=""540"">Enhances Any Décor</strong> – Complements modern, rustic, bohemian, farmhouse, and traditional interiors.</li>\n 	<li data-section-id=""1yra0gu"" data-start=""619"" data-end=""711"">🌿 <strong data-start=""624"" data-end=""652"">Made from Natural Cotton</strong> – Breathable, eco-friendly, and comfortable for daily use.</li>\n 	<li data-section-id=""1o8xol7"" data-start=""712"" data-end=""842"">🍽️ <strong data-start=""718"" data-end=""748"">Perfect for Every Occasion</strong> – Suitable for everyday dining, festive celebrations, family dinners, and special gatherings.</li>\n 	<li data-section-id=""1cv9lxp"" data-start=""843"" data-end=""937"">🧵 <strong data-start=""848"" data-end=""870"">Fine Craftsmanship</strong> – Carefully stitched edges ensure durability and a premium finish.</li>\n 	<li data-section-id=""n22mf1"" data-start=""938"" data-end=""1053"">🧺 <strong data-start=""943"" data-end=""963"">Easy to Maintain</strong> – Gentle hand wash or machine wash separately in cold water. Do not bleach. Dry in shade.</li>\n 	<li data-section-id=""1nh02v4"" data-start=""1054"" data-end=""1182"">🎁 <strong data-start=""1059"" data-end=""1085"">Thoughtful Gift Choice</strong> – A beautiful gift for housewarmings, weddings, anniversaries, festivals, and home décor lovers.</li>\n</ul>",,,taxable,,1,,,0,0,0.4,5,5,1,1,,599,999,"Dining Table Runners",,,https://zafiroindio.com/wp-content/uploads/2026/07/product_Full_table_setup_5.png,,,,,,,,,0,,,,,,
7377,simple,,,"RUNNER SUNFLOWER (13*72 INCHES) FOR 6 SEATER DINING TABLE",1,0,visible,,"<h3 class=""PDq2pG_selectionAnchorContainer"" data-section-id=""d4jz9q"" data-start=""70"" data-end=""96""><span role=""text""><strong data-start=""74"" data-end=""96"">Product Highlights</strong></span></h3>\n<ul data-start=""97"" data-end=""1182"">\n 	<li data-section-id=""1xv57qd"" data-start=""97"" data-end=""186"">🌸 <strong data-start=""102"" data-end=""134"">Premium Canvas Cotton Fabric</strong> – Durable, soft, and crafted for everyday elegance.</li>\n 	<li data-section-id=""1kw7pkz"" data-start=""187"" data-end=""304"">🎨 <strong data-start=""192"" data-end=""221"">Authentic Handblock Print</strong> – Traditional artisan handblock printing adds timeless charm to your dining space.</li>\n 	<li data-section-id=""66eflk"" data-start=""305"" data-end=""395"">📏 <strong data-start=""310"" data-end=""327"">Perfect Size:</strong> <strong data-start=""328"" data-end=""346"">13 × 72 Inches</strong> – Ideal for 4-seater and 6-seater dining tables.</li>\n 	<li data-section-id=""9mashk"" data-start=""396"" data-end=""512"">✨ <strong data-start=""400"" data-end=""425"">Elegant Floral Design</strong> – Beautiful handblock floral motifs with a decorative border for a sophisticated look.</li>\n 	<li data-section-id=""hj7ssc"" data-start=""513"" data-end=""618"">🏡 <strong data-start=""518"" data-end=""540"">Enhances Any Décor</strong> – Complements modern, rustic, bohemian, farmhouse, and traditional interiors.</li>\n 	<li data-section-id=""1yra0gu"" data-start=""619"" data-end=""711"">🌿 <strong data-start=""624"" data-end=""652"">Made from Natural Cotton</strong> – Breathable, eco-friendly, and comfortable for daily use.</li>\n 	<li data-section-id=""1o8xol7"" data-start=""712"" data-end=""842"">🍽️ <strong data-start=""718"" data-end=""748"">Perfect for Every Occasion</strong> – Suitable for everyday dining, festive celebrations, family dinners, and special gatherings.</li>\n 	<li data-section-id=""1cv9lxp"" data-start=""843"" data-end=""937"">🧵 <strong data-start=""848"" data-end=""870"">Fine Craftsmanship</strong> – Carefully stitched edges ensure durability and a premium finish.</li>\n 	<li data-section-id=""n22mf1"" data-start=""938"" data-end=""1053"">🧺 <strong data-start=""943"" data-end=""963"">Easy to Maintain</strong> – Gentle hand wash or machine wash separately in cold water. Do not bleach. Dry in shade.</li>\n 	<li data-section-id=""1nh02v4"" data-start=""1054"" data-end=""1182"">🎁 <strong data-start=""1059"" data-end=""1085"">Thoughtful Gift Choice</strong> – A beautiful gift for housewarmings, weddings, anniversaries, festivals, and home décor lovers.</li>\n</ul>",,,taxable,,1,,,0,0,0.4,5,5,1,1,,599,999,"Dining Table Runners",,,https://zafiroindio.com/wp-content/uploads/2026/07/product_In-use_tablescape_8.png,,,,,,,,,0,,,,,,
7378,simple,,,"RUNNER SAFFRON (13*72 INCHES) FOR 6 SEATER DINING TABLE",1,0,visible,,"<h3 class=""PDq2pG_selectionAnchorContainer"" data-section-id=""d4jz9q"" data-start=""70"" data-end=""96""><span role=""text""><strong data-start=""74"" data-end=""96"">Product Highlights</strong></span></h3>\n<ul data-start=""97"" data-end=""1182"">\n 	<li data-section-id=""1xv57qd"" data-start=""97"" data-end=""186"">🌸 <strong data-start=""102"" data-end=""134"">Premium Canvas Cotton Fabric</strong> – Durable, soft, and crafted for everyday elegance.</li>\n 	<li data-section-id=""1kw7pkz"" data-start=""187"" data-end=""304"">🎨 <strong data-start=""192"" data-end=""221"">Authentic Handblock Print</strong> – Traditional artisan handblock printing adds timeless charm to your dining space.</li>\n 	<li data-section-id=""66eflk"" data-start=""305"" data-end=""395"">📏 <strong data-start=""310"" data-end=""327"">Perfect Size:</strong> <strong data-start=""328"" data-end=""346"">13 × 72 Inches</strong> – Ideal for 4-seater and 6-seater dining tables.</li>\n 	<li data-section-id=""9mashk"" data-start=""396"" data-end=""512"">✨ <strong data-start=""400"" data-end=""425"">Elegant Floral Design</strong> – Beautiful handblock floral motifs with a decorative border for a sophisticated look.</li>\n 	<li data-section-id=""hj7ssc"" data-start=""513"" data-end=""618"">🏡 <strong data-start=""518"" data-end=""540"">Enhances Any Décor</strong> – Complements modern, rustic, bohemian, farmhouse, and traditional interiors.</li>\n 	<li data-section-id=""1yra0gu"" data-start=""619"" data-end=""711"">🌿 <strong data-start=""624"" data-end=""652"">Made from Natural Cotton</strong> – Breathable, eco-friendly, and comfortable for daily use.</li>\n 	<li data-section-id=""1o8xol7"" data-start=""712"" data-end=""842"">🍽️ <strong data-start=""718"" data-end=""748"">Perfect for Every Occasion</strong> – Suitable for everyday dining, festive celebrations, family dinners, and special gatherings.</li>\n 	<li data-section-id=""1cv9lxp"" data-start=""843"" data-end=""937"">🧵 <strong data-start=""848"" data-end=""870"">Fine Craftsmanship</strong> – Carefully stitched edges ensure durability and a premium finish.</li>\n 	<li data-section-id=""n22mf1"" data-start=""938"" data-end=""1053"">🧺 <strong data-start=""943"" data-end=""963"">Easy to Maintain</strong> – Gentle hand wash or machine wash separately in cold water. Do not bleach. Dry in shade.</li>\n 	<li data-section-id=""1nh02v4"" data-start=""1054"" data-end=""1182"">🎁 <strong data-start=""1059"" data-end=""1085"">Thoughtful Gift Choice</strong> – A beautiful gift for housewarmings, weddings, anniversaries, festivals, and home décor lovers.</li>\n</ul>",,,taxable,,1,,,0,0,0.4,5,5,1,1,,599,999,"Dining Table Runners",,,https://zafiroindio.com/wp-content/uploads/2026/07/product_Dining_table_lifestyle_4.png,,,,,,,,,0,,,,,,
7379,simple,,,"RUNNER TEAL (13*72 INCHES) FOR 6 SEATER DINING TABLE",1,0,visible,,"<h3 class=""PDq2pG_selectionAnchorContainer"" data-section-id=""d4jz9q"" data-start=""70"" data-end=""96""><span role=""text""><strong data-start=""74"" data-end=""96"">Product Highlights</strong></span></h3>\n<ul data-start=""97"" data-end=""1182"">\n 	<li data-section-id=""1xv57qd"" data-start=""97"" data-end=""186"">🌸 <strong data-start=""102"" data-end=""134"">Premium Canvas Cotton Fabric</strong> – Durable, soft, and crafted for everyday elegance.</li>\n 	<li data-section-id=""1kw7pkz"" data-start=""187"" data-end=""304"">🎨 <strong data-start=""192"" data-end=""221"">Authentic Handblock Print</strong> – Traditional artisan handblock printing adds timeless charm to your dining space.</li>\n 	<li data-section-id=""66eflk"" data-start=""305"" data-end=""395"">📏 <strong data-start=""310"" data-end=""327"">Perfect Size:</strong> <strong data-start=""328"" data-end=""346"">13 × 72 Inches</strong> – Ideal for 4-seater and 6-seater dining tables.</li>\n 	<li data-section-id=""9mashk"" data-start=""396"" data-end=""512"">✨ <strong data-start=""400"" data-end=""425"">Elegant Floral Design</strong> – Beautiful handblock floral motifs with a decorative border for a sophisticated look.</li>\n 	<li data-section-id=""hj7ssc"" data-start=""513"" data-end=""618"">🏡 <strong data-start=""518"" data-end=""540"">Enhances Any Décor</strong> – Complements modern, rustic, bohemian, farmhouse, and traditional interiors.</li>\n 	<li data-section-id=""1yra0gu"" data-start=""619"" data-end=""711"">🌿 <strong data-start=""624"" data-end=""652"">Made from Natural Cotton</strong> – Breathable, eco-friendly, and comfortable for daily use.</li>\n 	<li data-section-id=""1o8xol7"" data-start=""712"" data-end=""842"">🍽️ <strong data-start=""718"" data-end=""748"">Perfect for Every Occasion</strong> – Suitable for everyday dining, festive celebrations, family dinners, and special gatherings.</li>\n 	<li data-section-id=""1cv9lxp"" data-start=""843"" data-end=""937"">🧵 <strong data-start=""848"" data-end=""870"">Fine Craftsmanship</strong> – Carefully stitched edges ensure durability and a premium finish.</li>\n 	<li data-section-id=""n22mf1"" data-start=""938"" data-end=""1053"">🧺 <strong data-start=""943"" data-end=""963"">Easy to Maintain</strong> – Gentle hand wash or machine wash separately in cold water. Do not bleach. Dry in shade.</li>\n 	<li data-section-id=""1nh02v4"" data-start=""1054"" data-end=""1182"">🎁 <strong data-start=""1059"" data-end=""1085"">Thoughtful Gift Choice</strong> – A beautiful gift for housewarmings, weddings, anniversaries, festivals, and home décor lovers.</li>\n</ul>",,,taxable,,1,,,0,0,0.4,5,5,1,1,,599,999,"Dining Table Runners",,,https://zafiroindio.com/wp-content/uploads/2026/07/product_Full_table_display_9.png,,,,,,,,,0,,,,,,
7380,simple,,,"RUNNER INDIGO (13*72 INCHES) FOR 6 SEATER DINING TABLE",1,0,visible,,"<h3 class=""PDq2pG_selectionAnchorContainer"" data-section-id=""d4jz9q"" data-start=""70"" data-end=""96""><span role=""text""><strong data-start=""74"" data-end=""96"">Product Highlights</strong></span></h3>\n<ul data-start=""97"" data-end=""1182"">\n 	<li data-section-id=""1xv57qd"" data-start=""97"" data-end=""186"">🌸 <strong data-start=""102"" data-end=""134"">Premium Canvas Cotton Fabric</strong> – Durable, soft, and crafted for everyday elegance.</li>\n 	<li data-section-id=""1kw7pkz"" data-start=""187"" data-end=""304"">🎨 <strong data-start=""192"" data-end=""221"">Authentic Handblock Print</strong> – Traditional artisan handblock printing adds timeless charm to your dining space.</li>\n 	<li data-section-id=""66eflk"" data-start=""305"" data-end=""395"">📏 <strong data-start=""310"" data-end=""327"">Perfect Size:</strong> <strong data-start=""328"" data-end=""346"">13 × 72 Inches</strong> – Ideal for 4-seater and 6-seater dining tables.</li>\n 	<li data-section-id=""9mashk"" data-start=""396"" data-end=""512"">✨ <strong data-start=""400"" data-end=""425"">Elegant Floral Design</strong> – Beautiful handblock floral motifs with a decorative border for a sophisticated look.</li>\n 	<li data-section-id=""hj7ssc"" data-start=""513"" data-end=""618"">🏡 <strong data-start=""518"" data-end=""540"">Enhances Any Décor</strong> – Complements modern, rustic, bohemian, farmhouse, and traditional interiors.</li>\n 	<li data-section-id=""1yra0gu"" data-start=""619"" data-end=""711"">🌿 <strong data-start=""624"" data-end=""652"">Made from Natural Cotton</strong> – Breathable, eco-friendly, and comfortable for daily use.</li>\n 	<li data-section-id=""1o8xol7"" data-start=""712"" data-end=""842"">🍽️ <strong data-start=""718"" data-end=""748"">Perfect for Every Occasion</strong> – Suitable for everyday dining, festive celebrations, family dinners, and special gatherings.</li>\n 	<li data-section-id=""1cv9lxp"" data-start=""843"" data-end=""937"">🧵 <strong data-start=""848"" data-end=""870"">Fine Craftsmanship</strong> – Carefully stitched edges ensure durability and a premium finish.</li>\n 	<li data-section-id=""n22mf1"" data-start=""938"" data-end=""1053"">🧺 <strong data-start=""943"" data-end=""963"">Easy to Maintain</strong> – Gentle hand wash or machine wash separately in cold water. Do not bleach. Dry in shade.</li>\n 	<li data-section-id=""1nh02v4"" data-start=""1054"" data-end=""1182"">🎁 <strong data-start=""1059"" data-end=""1085"">Thoughtful Gift Choice</strong> – A beautiful gift for housewarmings, weddings, anniversaries, festivals, and home décor lovers.</li>\n</ul>",,,taxable,,1,,,0,0,0.4,5,5,1,1,,599,999,"Dining Table Runners",,,https://zafiroindio.com/wp-content/uploads/2026/07/product_Full_table_layout_2.png,,,,,,,,,0,,,,,,
7381,simple,,,"RUNNER PETAL (13*72 INCHES) FOR 6 SEATER DINING TABLE",1,0,visible,,"<h3 class=""PDq2pG_selectionAnchorContainer"" data-section-id=""d4jz9q"" data-start=""70"" data-end=""96""><span role=""text""><strong data-start=""74"" data-end=""96"">Product Highlights</strong></span></h3>\n<ul data-start=""97"" data-end=""1182"">\n 	<li data-section-id=""1xv57qd"" data-start=""97"" data-end=""186"">🌸 <strong data-start=""102"" data-end=""134"">Premium Canvas Cotton Fabric</strong> – Durable, soft, and crafted for everyday elegance.</li>\n 	<li data-section-id=""1kw7pkz"" data-start=""187"" data-end=""304"">🎨 <strong data-start=""192"" data-end=""221"">Authentic Handblock Print</strong> – Traditional artisan handblock printing adds timeless charm to your dining space.</li>\n 	<li data-section-id=""66eflk"" data-start=""305"" data-end=""395"">📏 <strong data-start=""310"" data-end=""327"">Perfect Size:</strong> <strong data-start=""328"" data-end=""346"">13 × 72 Inches</strong> – Ideal for 4-seater and 6-seater dining tables.</li>\n 	<li data-section-id=""9mashk"" data-start=""396"" data-end=""512"">✨ <strong data-start=""400"" data-end=""425"">Elegant Floral Design</strong> – Beautiful handblock floral motifs with a decorative border for a sophisticated look.</li>\n 	<li data-section-id=""hj7ssc"" data-start=""513"" data-end=""618"">🏡 <strong data-start=""518"" data-end=""540"">Enhances Any Décor</strong> – Complements modern, rustic, bohemian, farmhouse, and traditional interiors.</li>\n 	<li data-section-id=""1yra0gu"" data-start=""619"" data-end=""711"">🌿 <strong data-start=""624"" data-end=""652"">Made from Natural Cotton</strong> – Breathable, eco-friendly, and comfortable for daily use.</li>\n 	<li data-section-id=""1o8xol7"" data-start=""712"" data-end=""842"">🍽️ <strong data-start=""718"" data-end=""748"">Perfect for Every Occasion</strong> – Suitable for everyday dining, festive celebrations, family dinners, and special gatherings.</li>\n 	<li data-section-id=""1cv9lxp"" data-start=""843"" data-end=""937"">🧵 <strong data-start=""848"" data-end=""870"">Fine Craftsmanship</strong> – Carefully stitched edges ensure durability and a premium finish.</li>\n 	<li data-section-id=""n22mf1"" data-start=""938"" data-end=""1053"">🧺 <strong data-start=""943"" data-end=""963"">Easy to Maintain</strong> – Gentle hand wash or machine wash separately in cold water. Do not bleach. Dry in shade.</li>\n 	<li data-section-id=""1nh02v4"" data-start=""1054"" data-end=""1182"">🎁 <strong data-start=""1059"" data-end=""1085"">Thoughtful Gift Choice</strong> – A beautiful gift for housewarmings, weddings, anniversaries, festivals, and home décor lovers.</li>\n</ul>",,,taxable,,1,,,0,0,0.4,5,5,1,1,,599,999,"Dining Table Runners",,,"https://zafiroindio.com/wp-content/uploads/2026/07/3.png, https://zafiroindio.com/wp-content/uploads/2026/07/product_Styled_dining_setup_11.png",,,,,,,,,0,,,,,,
7382,simple,,,"RUNNER MEADOW (13*72 INCHES) FOR 6 SEATER DINING TABLE",1,0,visible,,"<h3 class=""PDq2pG_selectionAnchorContainer"" data-section-id=""d4jz9q"" data-start=""70"" data-end=""96""><span role=""text""><strong data-start=""74"" data-end=""96"">Product Highlights</strong></span></h3>\n<ul data-start=""97"" data-end=""1182"">\n 	<li data-section-id=""1xv57qd"" data-start=""97"" data-end=""186"">🌸 <strong data-start=""102"" data-end=""134"">Premium Canvas Cotton Fabric</strong> – Durable, soft, and crafted for everyday elegance.</li>\n 	<li data-section-id=""1kw7pkz"" data-start=""187"" data-end=""304"">🎨 <strong data-start=""192"" data-end=""221"">Authentic Handblock Print</strong> – Traditional artisan handblock printing adds timeless charm to your dining space.</li>\n 	<li data-section-id=""66eflk"" data-start=""305"" data-end=""395"">📏 <strong data-start=""310"" data-end=""327"">Perfect Size:</strong> <strong data-start=""328"" data-end=""346"">13 × 72 Inches</strong> – Ideal for 4-seater and 6-seater dining tables.</li>\n 	<li data-section-id=""9mashk"" data-start=""396"" data-end=""512"">✨ <strong data-start=""400"" data-end=""425"">Elegant Floral Design</strong> – Beautiful handblock floral motifs with a decorative border for a sophisticated look.</li>\n 	<li data-section-id=""hj7ssc"" data-start=""513"" data-end=""618"">🏡 <strong data-start=""518"" data-end=""540"">Enhances Any Décor</strong> – Complements modern, rustic, bohemian, farmhouse, and traditional interiors.</li>\n 	<li data-section-id=""1yra0gu"" data-start=""619"" data-end=""711"">🌿 <strong data-start=""624"" data-end=""652"">Made from Natural Cotton</strong> – Breathable, eco-friendly, and comfortable for daily use.</li>\n 	<li data-section-id=""1o8xol7"" data-start=""712"" data-end=""842"">🍽️ <strong data-start=""718"" data-end=""748"">Perfect for Every Occasion</strong> – Suitable for everyday dining, festive celebrations, family dinners, and special gatherings.</li>\n 	<li data-section-id=""1cv9lxp"" data-start=""843"" data-end=""937"">🧵 <strong data-start=""848"" data-end=""870"">Fine Craftsmanship</strong> – Carefully stitched edges ensure durability and a premium finish.</li>\n 	<li data-section-id=""n22mf1"" data-start=""938"" data-end=""1053"">🧺 <strong data-start=""943"" data-end=""963"">Easy to Maintain</strong> – Gentle hand wash or machine wash separately in cold water. Do not bleach. Dry in shade.</li>\n 	<li data-section-id=""1nh02v4"" data-start=""1054"" data-end=""1182"">🎁 <strong data-start=""1059"" data-end=""1085"">Thoughtful Gift Choice</strong> – A beautiful gift for housewarmings, weddings, anniversaries, festivals, and home décor lovers.</li>\n</ul>",,,taxable,,1,,,0,0,0.4,5,5,1,1,,599,999,"Dining Table Runners",,,https://zafiroindio.com/wp-content/uploads/2026/07/lifestyle-studio-a9f1b3ed-6d00-49b7-b452-8bf2203768c1-1783164922578.png,,,,,,,,,0,,,,,,
7409,simple,MARILYN-9,,"Marilyn Luna 300 TC Handblock Bedsheet Set | Export Bedsheet Set.",1,1,visible,"<ul>\n 	<li data-section-id=""1b2v2zz"" data-start=""186"" data-end=""237"">🌿 <strong data-start=""475"" data-end=""514"">100%  Cotton  – 300 TC Fabric.</strong></li>\n 	<li data-section-id=""1b2v2zz"" data-start=""186"" data-end=""237"">🧵 <strong data-start=""520"" data-end=""562"">Handcrafted • Durable • Azo Free.</strong></li>\n 	<li data-section-id=""1b2v2zz"" data-start=""186"" data-end=""237"">👑 <strong>King Size 108*108 Inches.</strong></li>\n 	<li data-section-id=""1rjp3pc"" data-start=""334"" data-end=""361"">🔄 <strong data-start=""339"" data-end=""361"">Easy 7-Day Returns.</strong></li>\n</ul>","<h3>Luxurious Comfort Meets Traditional Craft</h3>\nThe Marilyn Monroe 112"" x 112"" <strong>percale cotton bed sheet set</strong> blends modern elegance with timeless Indian craftsmanship. Featuring an original handblock print on a super smooth percale weave, each piece is a work of art that brings warmth and character to your bedroom.\n<h4>Key Features:</h4>\n<ul>\n 	<li><strong>Fabric:</strong> 100% Pure Percale Cotton – soft, breathable, and skin-friendly</li>\n 	<li><strong>Weave:</strong> Percale – smooth &amp; breathable, ideal for all-season comfort</li>\n 	<li><strong>Thread Count:</strong> 300 TC – super smooth feel for everyday luxury</li>\n 	<li><strong>Print:</strong> Original Handblock Print – traditional craftsmanship by skilled artisans</li>\n 	<li><strong>Size:</strong> Flat Sheet: 112"" × 112"" (280 cm × 280 cm) – fits double &amp; king beds</li>\n 	<li><strong>Pillow Covers:</strong> 2 pieces (20"" × 30"")</li>\n 	<li><strong>Quality:</strong> Durable fabric with long-lasting color</li>\n 	<li><strong>Care:</strong> Easy to wash and maintain</li>\n</ul>\nIdeal for daily use, gifting, or elevating your home décor with artisanal charm. Experience premium comfort with lasting quality.",,,taxable,,1,,,0,1,1.2,12,18,1,1,,2999,4999,"Bedsheets > 300 TC Parcale Bedsheets., Bedsheets, Bedsheets > 300 TC Parcale Bedsheets. > Marilyn",,,"https://zafiroindio.com/wp-content/uploads/2026/07/2-8-1-scaled.jpg, https://zafiroindio.com/wp-content/uploads/2026/07/2-3-2-scaled.jpg, https://zafiroindio.com/wp-content/uploads/2026/07/2-5-1-scaled.jpg, https://zafiroindio.com/wp-content/uploads/2026/07/2-11-1-scaled.jpg, https://zafiroindio.com/wp-content/uploads/2026/07/2-14-1-scaled.jpg",,,,,,,,,0,,"Packing Type","Gift Packing, Normal Packing",1,1,
7506,simple,MARILYN-10,,"Marilyn Breeze 300 TC Handblock Bedsheet Set | Export Bedsheet Set.",1,0,visible,"<ul>\n 	<li data-section-id=""1b2v2zz"" data-start=""186"" data-end=""237"">🌿 <strong data-start=""475"" data-end=""514"">100%  Cotton  – 300 TC Fabric.</strong></li>\n 	<li data-section-id=""1b2v2zz"" data-start=""186"" data-end=""237"">🧵 <strong data-start=""520"" data-end=""562"">Handcrafted • Durable • Azo Free.</strong></li>\n 	<li data-section-id=""1b2v2zz"" data-start=""186"" data-end=""237"">👑 <strong>King Size 108*108 Inches.</strong></li>\n 	<li data-section-id=""1rjp3pc"" data-start=""334"" data-end=""361"">🔄 <strong data-start=""339"" data-end=""361"">Easy 7-Day Returns.</strong></li>\n</ul>","<h3>Luxurious Comfort Meets Traditional Craft</h3>\nThe Marilyn Monroe 112"" x 112"" <strong>percale cotton bed sheet set</strong> blends modern elegance with timeless Indian craftsmanship. Featuring an original handblock print on a super smooth percale weave, each piece is a work of art that brings warmth and character to your bedroom.\n<h4>Key Features:</h4>\n<ul>\n 	<li><strong>Fabric:</strong> 100% Pure Percale Cotton – soft, breathable, and skin-friendly</li>\n 	<li><strong>Weave:</strong> Percale – smooth &amp; breathable, ideal for all-season comfort</li>\n 	<li><strong>Thread Count:</strong> 300 TC – super smooth feel for everyday luxury</li>\n 	<li><strong>Print:</strong> Original Handblock Print – traditional craftsmanship by skilled artisans</li>\n 	<li><strong>Size:</strong> Flat Sheet: 112"" × 112"" (280 cm × 280 cm) – fits double &amp; king beds</li>\n 	<li><strong>Pillow Covers:</strong> 2 pieces (20"" × 30"")</li>\n 	<li><strong>Quality:</strong> Durable fabric with long-lasting color</li>\n 	<li><strong>Care:</strong> Easy to wash and maintain</li>\n</ul>\nIdeal for daily use, gifting, or elevating your home décor with artisanal charm. Experience premium comfort with lasting quality.",,,taxable,,1,,,0,1,1.2,12,18,1,1,,2999,4999,"Bedsheets > 300 TC Parcale Bedsheets., Bedsheets, Bedsheets > 300 TC Parcale Bedsheets. > Marilyn",,,"https://zafiroindio.com/wp-content/uploads/2026/07/8-7-scaled.jpg, https://zafiroindio.com/wp-content/uploads/2026/07/8-2-3-scaled.jpg, https://zafiroindio.com/wp-content/uploads/2026/07/8-4-scaled.jpg, https://zafiroindio.com/wp-content/uploads/2026/07/8-10-2-scaled.jpg, https://zafiroindio.com/wp-content/uploads/2026/07/8-12-1-scaled.jpg",,,,,,,,,0,,"Packing Type","Gift Packing, Normal Packing",1,1,
7507,simple,MARILYN-11,,"Marilyn Bloss 300 TC Handblock Bedsheet Set | Export Bedsheet Set.",1,1,visible,"<ul>\n 	<li data-section-id=""1b2v2zz"" data-start=""186"" data-end=""237"">🌿 <strong data-start=""475"" data-end=""514"">100%  Cotton  – 300 TC Fabric.</strong></li>\n 	<li data-section-id=""1b2v2zz"" data-start=""186"" data-end=""237"">🧵 <strong data-start=""520"" data-end=""562"">Handcrafted • Durable • Azo Free.</strong></li>\n 	<li data-section-id=""1b2v2zz"" data-start=""186"" data-end=""237"">👑 <strong>King Size 108*108 Inches.</strong></li>\n 	<li data-section-id=""1rjp3pc"" data-start=""334"" data-end=""361"">🔄 <strong data-start=""339"" data-end=""361"">Easy 7-Day Returns.</strong></li>\n</ul>","<h3>Luxurious Comfort Meets Traditional Craft</h3>\nThe Marilyn Monroe 112"" x 112"" <strong>percale cotton bed sheet set</strong> blends modern elegance with timeless Indian craftsmanship. Featuring an original handblock print on a super smooth percale weave, each piece is a work of art that brings warmth and character to your bedroom.\n<h4>Key Features:</h4>\n<ul>\n 	<li><strong>Fabric:</strong> 100% Pure Percale Cotton – soft, breathable, and skin-friendly</li>\n 	<li><strong>Weave:</strong> Percale – smooth &amp; breathable, ideal for all-season comfort</li>\n 	<li><strong>Thread Count:</strong> 300 TC – super smooth feel for everyday luxury</li>\n 	<li><strong>Print:</strong> Original Handblock Print – traditional craftsmanship by skilled artisans</li>\n 	<li><strong>Size:</strong> Flat Sheet: 112"" × 112"" (280 cm × 280 cm) – fits double &amp; king beds</li>\n 	<li><strong>Pillow Covers:</strong> 2 pieces (20"" × 30"")</li>\n 	<li><strong>Quality:</strong> Durable fabric with long-lasting color</li>\n 	<li><strong>Care:</strong> Easy to wash and maintain</li>\n</ul>\nIdeal for daily use, gifting, or elevating your home décor with artisanal charm. Experience premium comfort with lasting quality.",,,taxable,,1,,,0,1,1.2,12,18,2,1,,2999,4999,"Bedsheets > 300 TC Parcale Bedsheets., Bedsheets, Bedsheets > 300 TC Parcale Bedsheets. > Marilyn",,,"https://zafiroindio.com/wp-content/uploads/2026/07/10-5-1-scaled.jpg, https://zafiroindio.com/wp-content/uploads/2026/07/10-2-1-scaled.jpg, https://zafiroindio.com/wp-content/uploads/2026/07/10-3-1-scaled.jpg, https://zafiroindio.com/wp-content/uploads/2026/07/10-7-1-scaled.jpg, https://zafiroindio.com/wp-content/uploads/2026/07/10-9-1-scaled.jpg",,,,,,,,,0,,,,,,
7508,simple,MARILYN-12,,"Marilyn Glory 300 TC Handblock Bedsheet Set | Export Bedsheet Set.",1,1,visible,"<ul>\n 	<li data-section-id=""1b2v2zz"" data-start=""186"" data-end=""237"">🌿 <strong data-start=""475"" data-end=""514"">100%  Cotton  – 300 TC Fabric.</strong></li>\n 	<li data-section-id=""1b2v2zz"" data-start=""186"" data-end=""237"">🧵 <strong data-start=""520"" data-end=""562"">Handcrafted • Durable • Azo Free.</strong></li>\n 	<li data-section-id=""1b2v2zz"" data-start=""186"" data-end=""237"">👑 <strong>King Size 108*108 Inches.</strong></li>\n 	<li data-section-id=""1rjp3pc"" data-start=""334"" data-end=""361"">🔄 <strong data-start=""339"" data-end=""361"">Easy 7-Day Returns.</strong></li>\n</ul>","<h3>Luxurious Comfort Meets Traditional Craft</h3>\nThe Marilyn Monroe 112"" x 112"" <strong>percale cotton bed sheet set</strong> blends modern elegance with timeless Indian craftsmanship. Featuring an original handblock print on a super smooth percale weave, each piece is a work of art that brings warmth and character to your bedroom.\n<h4>Key Features:</h4>\n<ul>\n 	<li><strong>Fabric:</strong> 100% Pure Percale Cotton – soft, breathable, and skin-friendly</li>\n 	<li><strong>Weave:</strong> Percale – smooth &amp; breathable, ideal for all-season comfort</li>\n 	<li><strong>Thread Count:</strong> 300 TC – super smooth feel for everyday luxury</li>\n 	<li><strong>Print:</strong> Original Handblock Print – traditional craftsmanship by skilled artisans</li>\n 	<li><strong>Size:</strong> Flat Sheet: 112"" × 112"" (280 cm × 280 cm) – fits double &amp; king beds</li>\n 	<li><strong>Pillow Covers:</strong> 2 pieces (20"" × 30"")</li>\n 	<li><strong>Quality:</strong> Durable fabric with long-lasting color</li>\n 	<li><strong>Care:</strong> Easy to wash and maintain</li>\n</ul>\nIdeal for daily use, gifting, or elevating your home décor with artisanal charm. Experience premium comfort with lasting quality.",,,taxable,,1,,,0,1,1.2,12,18,1,1,,2999,4999,"Bedsheets > 300 TC Parcale Bedsheets., Bedsheets, Bedsheets > 300 TC Parcale Bedsheets. > Marilyn",,,"https://zafiroindio.com/wp-content/uploads/2026/07/13-6-scaled.jpg, https://zafiroindio.com/wp-content/uploads/2026/07/13-3-scaled.jpg, https://zafiroindio.com/wp-content/uploads/2026/07/13-4-scaled.jpg, https://zafiroindio.com/wp-content/uploads/2026/07/13-8-scaled.jpg, https://zafiroindio.com/wp-content/uploads/2026/07/13-10-1-scaled.jpg",,,,,,,,,0,,"Packing Type","Gift Packing, Normal Packing",1,1,
7516,simple,MARILYN-13,,"Marilyn Palm 300 TC Handblock Bedsheet Set | Export Bedsheet Set.",1,0,visible,"<ul>\n 	<li data-section-id=""1b2v2zz"" data-start=""186"" data-end=""237"">🌿 <strong data-start=""475"" data-end=""514"">100%  Cotton  – 300 TC Fabric.</strong></li>\n 	<li data-section-id=""1b2v2zz"" data-start=""186"" data-end=""237"">🧵 <strong data-start=""520"" data-end=""562"">Handcrafted • Durable • Azo Free.</strong></li>\n 	<li data-section-id=""1b2v2zz"" data-start=""186"" data-end=""237"">👑 <strong>King Size 108*108 Inches.</strong></li>\n 	<li data-section-id=""1rjp3pc"" data-start=""334"" data-end=""361"">🔄 <strong data-start=""339"" data-end=""361"">Easy 7-Day Returns.</strong></li>\n</ul>","<h3>Luxurious Comfort Meets Traditional Craft</h3>\nThe Marilyn Monroe 112"" x 112"" <strong>percale cotton bed sheet set</strong> blends modern elegance with timeless Indian craftsmanship. Featuring an original handblock print on a super smooth percale weave, each piece is a work of art that brings warmth and character to your bedroom.\n<h4>Key Features:</h4>\n<ul>\n 	<li><strong>Fabric:</strong> 100% Pure Percale Cotton – soft, breathable, and skin-friendly</li>\n 	<li><strong>Weave:</strong> Percale – smooth &amp; breathable, ideal for all-season comfort</li>\n 	<li><strong>Thread Count:</strong> 300 TC – super smooth feel for everyday luxury</li>\n 	<li><strong>Print:</strong> Original Handblock Print – traditional craftsmanship by skilled artisans</li>\n 	<li><strong>Size:</strong> Flat Sheet: 112"" × 112"" (280 cm × 280 cm) – fits double &amp; king beds</li>\n 	<li><strong>Pillow Covers:</strong> 2 pieces (20"" × 30"")</li>\n 	<li><strong>Quality:</strong> Durable fabric with long-lasting color</li>\n 	<li><strong>Care:</strong> Easy to wash and maintain</li>\n</ul>\nIdeal for daily use, gifting, or elevating your home décor with artisanal charm. Experience premium comfort with lasting quality.",,,taxable,,1,,,0,1,1.2,12,18,1,1,,2999,4999,"Bedsheets > 300 TC Parcale Bedsheets., Bedsheets, Bedsheets > 300 TC Parcale Bedsheets. > Marilyn",,,"https://zafiroindio.com/wp-content/uploads/2026/07/14-8-scaled.jpg, https://zafiroindio.com/wp-content/uploads/2026/07/14-3-scaled.jpg, https://zafiroindio.com/wp-content/uploads/2026/07/14-5-scaled.jpg, https://zafiroindio.com/wp-content/uploads/2026/07/14-10-scaled.jpg, https://zafiroindio.com/wp-content/uploads/2026/07/14-12-scaled.jpg",,,,,,,,,0,,"Packing Type","Gift Packing, Normal Packing",1,1,
7517,simple,MARILYN-14,,"Marilyn Talc 300 TC Handblock Bedsheet Set | Export Bedsheet Set.",1,1,visible,"<ul>\n 	<li data-section-id=""1b2v2zz"" data-start=""186"" data-end=""237"">🌿 <strong data-start=""475"" data-end=""514"">100%  Cotton  – 300 TC Fabric.</strong></li>\n 	<li data-section-id=""1b2v2zz"" data-start=""186"" data-end=""237"">🧵 <strong data-start=""520"" data-end=""562"">Handcrafted • Durable • Azo Free.</strong></li>\n 	<li data-section-id=""1b2v2zz"" data-start=""186"" data-end=""237"">👑 <strong>King Size 108*108 Inches.</strong></li>\n 	<li data-section-id=""1rjp3pc"" data-start=""334"" data-end=""361"">🔄 <strong data-start=""339"" data-end=""361"">Easy 7-Day Returns.</strong></li>\n</ul>","<h3>Luxurious Comfort Meets Traditional Craft</h3>\nThe Marilyn Monroe 112"" x 112"" <strong>percale cotton bed sheet set</strong> blends modern elegance with timeless Indian craftsmanship. Featuring an original handblock print on a super smooth percale weave, each piece is a work of art that brings warmth and character to your bedroom.\n<h4>Key Features:</h4>\n<ul>\n 	<li><strong>Fabric:</strong> 100% Pure Percale Cotton – soft, breathable, and skin-friendly</li>\n 	<li><strong>Weave:</strong> Percale – smooth &amp; breathable, ideal for all-season comfort</li>\n 	<li><strong>Thread Count:</strong> 300 TC – super smooth feel for everyday luxury</li>\n 	<li><strong>Print:</strong> Original Handblock Print – traditional craftsmanship by skilled artisans</li>\n 	<li><strong>Size:</strong> Flat Sheet: 112"" × 112"" (280 cm × 280 cm) – fits double &amp; king beds</li>\n 	<li><strong>Pillow Covers:</strong> 2 pieces (20"" × 30"")</li>\n 	<li><strong>Quality:</strong> Durable fabric with long-lasting color</li>\n 	<li><strong>Care:</strong> Easy to wash and maintain</li>\n</ul>\nIdeal for daily use, gifting, or elevating your home décor with artisanal charm. Experience premium comfort with lasting quality.",,,taxable,,1,,,0,1,1.2,12,18,1,1,,2999,4999,"Bedsheets > 300 TC Parcale Bedsheets., Bedsheets, Bedsheets > 300 TC Parcale Bedsheets. > Marilyn",,,"https://zafiroindio.com/wp-content/uploads/2026/07/11-5-scaled.jpg, https://zafiroindio.com/wp-content/uploads/2026/07/11-3-1-scaled.jpg, https://zafiroindio.com/wp-content/uploads/2026/07/11-4-scaled.jpg, https://zafiroindio.com/wp-content/uploads/2026/07/11-8-1-scaled.jpg, https://zafiroindio.com/wp-content/uploads/2026/07/11-11-1-scaled.jpg",,,,,,,,,0,,"Packing Type","Gift Packing, Normal Packing",1,1,
7518,simple,MARILYN-15,,"Marilyn Olivia 300 TC Handblock Bedsheet Set | Export Bedsheet Set.",1,1,visible,"<ul>\n 	<li data-section-id=""1b2v2zz"" data-start=""186"" data-end=""237"">🌿 <strong data-start=""475"" data-end=""514"">100%  Cotton  – 300 TC Fabric.</strong></li>\n 	<li data-section-id=""1b2v2zz"" data-start=""186"" data-end=""237"">🧵 <strong data-start=""520"" data-end=""562"">Handcrafted • Durable • Azo Free.</strong></li>\n 	<li data-section-id=""1b2v2zz"" data-start=""186"" data-end=""237"">👑 <strong>King Size 108*108 Inches.</strong></li>\n 	<li data-section-id=""1rjp3pc"" data-start=""334"" data-end=""361"">🔄 <strong data-start=""339"" data-end=""361"">Easy 7-Day Returns.</strong></li>\n</ul>","<h3>Luxurious Comfort Meets Traditional Craft</h3>\nThe Marilyn Monroe 112"" x 112"" <strong>percale cotton bed sheet set</strong> blends modern elegance with timeless Indian craftsmanship. Featuring an original handblock print on a super smooth percale weave, each piece is a work of art that brings warmth and character to your bedroom.\n<h4>Key Features:</h4>\n<ul>\n 	<li><strong>Fabric:</strong> 100% Pure Percale Cotton – soft, breathable, and skin-friendly</li>\n 	<li><strong>Weave:</strong> Percale – smooth &amp; breathable, ideal for all-season comfort</li>\n 	<li><strong>Thread Count:</strong> 300 TC – super smooth feel for everyday luxury</li>\n 	<li><strong>Print:</strong> Original Handblock Print – traditional craftsmanship by skilled artisans</li>\n 	<li><strong>Size:</strong> Flat Sheet: 112"" × 112"" (280 cm × 280 cm) – fits double &amp; king beds</li>\n 	<li><strong>Pillow Covers:</strong> 2 pieces (20"" × 30"")</li>\n 	<li><strong>Quality:</strong> Durable fabric with long-lasting color</li>\n 	<li><strong>Care:</strong> Easy to wash and maintain</li>\n</ul>\nIdeal for daily use, gifting, or elevating your home décor with artisanal charm. Experience premium comfort with lasting quality.",,,taxable,,1,,,0,1,1.2,12,18,1,1,,2999,4999,"Bedsheets > 300 TC Parcale Bedsheets., Bedsheets, Bedsheets > 300 TC Parcale Bedsheets. > Marilyn",,,"https://zafiroindio.com/wp-content/uploads/2026/07/15-7-scaled.jpg, https://zafiroindio.com/wp-content/uploads/2026/07/15-3-scaled.jpg, https://zafiroindio.com/wp-content/uploads/2026/07/15-5-scaled.jpg, https://zafiroindio.com/wp-content/uploads/2026/07/15-12-scaled.jpg, https://zafiroindio.com/wp-content/uploads/2026/07/15-17-scaled.jpg",,,,,,,,,0,,"Packing Type","Normal Packing, Gift Packing",1,0,
7588,variation,,,"Begonia Hand Block Cotton Rug - 5 ft * 7 ft",1,0,visible,,"Manufacturing Time - 5 to 7 Days.",,,taxable,parent,1,,,0,0,4,1,1,1,0,,2999,4999,,,,,,,id:7281,,,,,,3,,size,"5 ft * 7 ft",,1,
7596,variation,,,"Desert Rose Hand Block Cotton Rug - 5 ft * 7 ft",1,0,visible,,,,,taxable,parent,1,,,0,0,4,20,8,8,0,,2999,4999,,,,,,,id:7216,,,,,,3,,size,"5 ft * 7 ft",,1,
7597,variation,,,"Midnight Hand Block Cotton Rug - 5 ft * 7 ft",1,0,visible,,,,,taxable,parent,1,,,0,0,4,20,8,8,0,,2999,4999,,,,,,,id:7284,,,,,,3,,size,"5 ft * 7 ft",,1,
7599,variation,,,"Cosmos Hand Block Cotton Rug - 5 ft * 7 ft",1,0,visible,,"Manufacturing Time - 5 to 7 Days.",,,taxable,parent,1,,,0,0,4,20,8,8,0,,2999,4999,,,,,,,id:7278,,,,,,3,,size,"5 ft * 7 ft",,1,
7600,variation,,,"Bloom Hand Block Cotton Rug - 5 ft * 7 ft",1,0,visible,,,,,taxable,parent,1,,,0,0,4,20,8,8,0,,2999,4999,,,,,,,id:7271,,,,,,3,,size,"5 ft * 7 ft",,1,
7602,variation,,,"Petal Hand Block Cotton Rug - 5 ft * 7 ft",1,0,visible,,,,,taxable,parent,1,,,0,0,4,20,8,8,0,,2999,4999,,,,,,,id:7225,,,,,,3,,size,"5 ft * 7 ft",,1,
7603,variation,,,"Indigo Hand Block Cotton Rug - 5 ft * 7 ft",1,0,visible,,,,,taxable,parent,1,,,0,0,5,20,8,8,0,,2999,4999,,,,,,,id:7222,,,,,,3,,size,"5 ft * 7 ft",,1,
7604,variation,,,"Amber Hand Block Cotton Rug - 5 ft * 7 ft",1,0,visible,,,,,taxable,parent,1,,,0,0,4,20,8,8,0,,2999,4999,,,,,,,id:7197,,,,,,3,,size,"5 ft * 7 ft",,1,
7605,variation,,,"Floral Hand Block Cotton Rug - 5 ft * 7 ft",1,0,visible,,,,,taxable,parent,1,,,0,0,5,20,8,8,0,,2999,4999,,,,,,,id:7194,,,,,,3,,size,"5 ft * 7 ft",,1,
7606,variation,,,"Camellia Hand Block Cotton Rug - 5 ft * 7 ft",1,0,visible,,,,,taxable,parent,1,,,0,0,5,20,8,8,0,,2999,4999,,,,,,,id:7188,,,,,,3,,size,"5 ft * 7 ft",,1,
7607,variation,,,"Blossom Hand Block Cotton Rug - 5 ft * 7 ft",1,0,visible,,,,,taxable,parent,1,,,0,0,4,20,8,8,0,,2999,4999,,,,,,,id:7185,,,,,,3,,size,"5 ft * 7 ft",,1,
7608,variation,,,"Teal Hand Block Cotton Rug - 5 ft * 7 ft",1,0,visible,,,,,taxable,parent,1,,,0,0,4,20,8,8,0,,2999,4999,,,,,,,id:7181,,,,,,3,,size,"5 ft * 7 ft",,1,
7613,variable,OAKRUNSET,,"Oak Handblock Table Runner with Placemats",1,0,visible,"<ul>\n 	<li data-section-id=""lmnzoi"" data-start=""62"" data-end=""104"">🍽️ Available for <strong>4 , 6 &amp; 8 Seater Tables.</strong></li>\n 	<li data-section-id=""1do4mxk"" data-start=""139"" data-end=""185"">🎨 <strong data-start=""144"" data-end=""185""> 100% Canvas Cotton | Anti Slip.</strong></li>\n 	<li data-section-id=""1rjp3pc"" data-start=""347"" data-end=""374"">🔄 <strong data-start=""352"" data-end=""374"">Easy 7-Day Returns.</strong></li>\n</ul>","<h1 class=""PDq2pG_selectionAnchorContainer"" data-section-id=""19s6do"" data-start=""0"" data-end=""66""><span role=""text""><strong data-start=""2"" data-end=""66"">Premium Handblock Table Runner Set with Matching Placemats</strong></span></h1>\n<p data-start=""68"" data-end=""458"">Elevate your dining experience with our beautifully handcrafted <strong data-start=""132"" data-end=""170"">Handblock Printed Table Runner Set</strong>, designed to bring timeless elegance to every meal. Made from premium-quality cotton, each piece is carefully hand-printed by skilled artisans, making every set unique. Whether it's for everyday dining or special gatherings, this set adds warmth, charm, and sophistication to your table.</p>\n\n<h3 data-section-id=""o9mgun"" data-start=""460"" data-end=""483""><span role=""text""><strong data-start=""464"" data-end=""483"">Product Details</strong></span></h3>\n<ul data-start=""484"" data-end=""793"">\n 	<li data-section-id=""1ari6v1"" data-start=""484"" data-end=""544"">🌿 <strong data-start=""489"" data-end=""506"">Set Includes:</strong> 1 Table Runner + Matching Placemats</li>\n 	<li data-section-id=""107kvoh"" data-start=""545"" data-end=""591"">📏 <strong data-start=""550"" data-end=""572"">Table Runner Size:</strong> <strong data-start=""573"" data-end=""591"">13 × 72 Inches</strong></li>\n 	<li data-section-id=""12t5s9s"" data-start=""592"" data-end=""641"">📏 <strong data-start=""597"" data-end=""615"">Placemat Size:</strong> <strong data-start=""616"" data-end=""634"">14 × 22 Inches</strong> (Each)</li>\n 	<li data-section-id=""lfxmvd"" data-start=""642"" data-end=""683"">🧵 <strong data-start=""647"" data-end=""660"">Material:</strong> Premium Quality Cotton</li>\n 	<li data-section-id=""1wicgy"" data-start=""684"" data-end=""728"">🎨 <strong data-start=""689"" data-end=""699"">Craft:</strong> Authentic Handblock Printing</li>\n 	<li data-section-id=""17mftni"" data-start=""729"" data-end=""793"">🏡 Perfect for Dining Tables, Family Meals &amp; Special Occasions</li>\n</ul>\n<h3 data-section-id=""1crtl6g"" data-start=""1352"" data-end=""1377""><span role=""text""><strong data-start=""1356"" data-end=""1377"">Care Instructions</strong></span></h3>\n<ul data-start=""1378"" data-end=""1562"">\n 	<li data-section-id=""1scqryz"" data-start=""1378"" data-end=""1431"">Hand wash or machine wash separately in cold water.</li>\n 	<li data-section-id=""1e12h1u"" data-start=""1432"" data-end=""1455"">Use a mild detergent.</li>\n 	<li data-section-id=""ylovrt"" data-start=""1456"" data-end=""1472"">Do not bleach.</li>\n 	<li data-section-id=""1jq8cf0"" data-start=""1473"" data-end=""1520"">Dry in shade to preserve the handblock print.</li>\n 	<li data-section-id=""myobyp"" data-start=""1521"" data-end=""1562"">Iron on low to medium heat if required.</li>\n</ul>\n<h3 data-section-id=""13s9ksu"" data-start=""1564"" data-end=""1596""><span role=""text""><strong data-start=""1568"" data-end=""1596"">Why Choose Zafiro Indio?</strong></span></h3>\n<p data-start=""1597"" data-end=""1890"" data-is-last-node="""" data-is-only-node="""">At <strong data-start=""1600"" data-end=""1616"">Zafiro Indio</strong>, every product is thoughtfully crafted to celebrate India's rich handblock printing heritage while bringing premium quality and timeless elegance to your home. Each piece is handcrafted with care, ensuring exceptional craftsmanship and lasting beauty for your dining space.</p>",,,taxable,,1,,,0,0,0.5,10,10,2,1,,,,"Runner & Table Mats.",,,https://zafiroindio.com/wp-content/uploads/2026/07/9.png,,,,,,,,,0,,size,"4 Seater, 6 Seater, 8 Seater",1,1,"4 Seater"
7623,variable,LILYRUNSET,,"Lily Handblock Table Runner with Placemats",1,1,visible,"<ul>\n 	<li data-section-id=""lmnzoi"" data-start=""62"" data-end=""104"">🍽️ Available for <strong>4 , 6 &amp; 8 Seater Tables.</strong></li>\n 	<li data-section-id=""1do4mxk"" data-start=""139"" data-end=""185"">🎨 <strong data-start=""144"" data-end=""185""> 100% Canvas Cotton | Anti Slip.</strong></li>\n 	<li data-section-id=""1rjp3pc"" data-start=""347"" data-end=""374"">🔄 <strong data-start=""352"" data-end=""374"">Easy 7-Day Returns.</strong></li>\n</ul>","<h1 class=""PDq2pG_selectionAnchorContainer"" data-section-id=""19s6do"" data-start=""0"" data-end=""66""><span role=""text""><strong data-start=""2"" data-end=""66"">Premium Handblock Table Runner Set with Matching Placemats</strong></span></h1>\n<p data-start=""68"" data-end=""458"">Elevate your dining experience with our beautifully handcrafted <strong data-start=""132"" data-end=""170"">Handblock Printed Table Runner Set</strong>, designed to bring timeless elegance to every meal. Made from premium-quality cotton, each piece is carefully hand-printed by skilled artisans, making every set unique. Whether it's for everyday dining or special gatherings, this set adds warmth, charm, and sophistication to your table.</p>\n\n<h3 data-section-id=""o9mgun"" data-start=""460"" data-end=""483""><span role=""text""><strong data-start=""464"" data-end=""483"">Product Details</strong></span></h3>\n<ul data-start=""484"" data-end=""793"">\n 	<li data-section-id=""1ari6v1"" data-start=""484"" data-end=""544"">🌿 <strong data-start=""489"" data-end=""506"">Set Includes:</strong> 1 Table Runner + Matching Placemats</li>\n 	<li data-section-id=""107kvoh"" data-start=""545"" data-end=""591"">📏 <strong data-start=""550"" data-end=""572"">Table Runner Size:</strong> <strong data-start=""573"" data-end=""591"">13 × 72 Inches</strong></li>\n 	<li data-section-id=""12t5s9s"" data-start=""592"" data-end=""641"">📏 <strong data-start=""597"" data-end=""615"">Placemat Size:</strong> <strong data-start=""616"" data-end=""634"">14 × 22 Inches</strong> (Each)</li>\n 	<li data-section-id=""lfxmvd"" data-start=""642"" data-end=""683"">🧵 <strong data-start=""647"" data-end=""660"">Material:</strong> Premium Quality Cotton</li>\n 	<li data-section-id=""1wicgy"" data-start=""684"" data-end=""728"">🎨 <strong data-start=""689"" data-end=""699"">Craft:</strong> Authentic Handblock Printing</li>\n 	<li data-section-id=""17mftni"" data-start=""729"" data-end=""793"">🏡 Perfect for Dining Tables, Family Meals &amp; Special Occasions</li>\n</ul>\n<h3 data-section-id=""1crtl6g"" data-start=""1352"" data-end=""1377""><span role=""text""><strong data-start=""1356"" data-end=""1377"">Care Instructions</strong></span></h3>\n<ul data-start=""1378"" data-end=""1562"">\n 	<li data-section-id=""1scqryz"" data-start=""1378"" data-end=""1431"">Hand wash or machine wash separately in cold water.</li>\n 	<li data-section-id=""1e12h1u"" data-start=""1432"" data-end=""1455"">Use a mild detergent.</li>\n 	<li data-section-id=""ylovrt"" data-start=""1456"" data-end=""1472"">Do not bleach.</li>\n 	<li data-section-id=""1jq8cf0"" data-start=""1473"" data-end=""1520"">Dry in shade to preserve the handblock print.</li>\n 	<li data-section-id=""myobyp"" data-start=""1521"" data-end=""1562"">Iron on low to medium heat if required.</li>\n</ul>\n<h3 data-section-id=""13s9ksu"" data-start=""1564"" data-end=""1596""><span role=""text""><strong data-start=""1568"" data-end=""1596"">Why Choose Zafiro Indio?</strong></span></h3>\n<p data-start=""1597"" data-end=""1890"" data-is-last-node="""" data-is-only-node="""">At <strong data-start=""1600"" data-end=""1616"">Zafiro Indio</strong>, every product is thoughtfully crafted to celebrate India's rich handblock printing heritage while bringing premium quality and timeless elegance to your home. Each piece is handcrafted with care, ensuring exceptional craftsmanship and lasting beauty for your dining space.</p>",,,taxable,,1,,,0,0,0.5,10,10,2,1,,,,"Runner & Table Mats.",,,https://zafiroindio.com/wp-content/uploads/2026/07/8.png,,,,,,,,,0,,size,"4 Seater, 6 Seater, 8 Seater",1,1,"4 Seater"
7624,variable,MOCHARUNSET,,"Mocha Handblock Table Runner with Placemats",1,0,visible,"<ul>\n 	<li data-section-id=""lmnzoi"" data-start=""62"" data-end=""104"">🍽️ Available for <strong>4 , 6 &amp; 8 Seater Tables.</strong></li>\n 	<li data-section-id=""1do4mxk"" data-start=""139"" data-end=""185"">🎨 <strong data-start=""144"" data-end=""185""> 100% Canvas Cotton | Anti Slip.</strong></li>\n 	<li data-section-id=""1rjp3pc"" data-start=""347"" data-end=""374"">🔄 <strong data-start=""352"" data-end=""374"">Easy 7-Day Returns.</strong></li>\n</ul>","<h1 class=""PDq2pG_selectionAnchorContainer"" data-section-id=""19s6do"" data-start=""0"" data-end=""66""><span role=""text""><strong data-start=""2"" data-end=""66"">Premium Handblock Table Runner Set with Matching Placemats</strong></span></h1>\n<p data-start=""68"" data-end=""458"">Elevate your dining experience with our beautifully handcrafted <strong data-start=""132"" data-end=""170"">Handblock Printed Table Runner Set</strong>, designed to bring timeless elegance to every meal. Made from premium-quality cotton, each piece is carefully hand-printed by skilled artisans, making every set unique. Whether it's for everyday dining or special gatherings, this set adds warmth, charm, and sophistication to your table.</p>\n\n<h3 data-section-id=""o9mgun"" data-start=""460"" data-end=""483""><span role=""text""><strong data-start=""464"" data-end=""483"">Product Details</strong></span></h3>\n<ul data-start=""484"" data-end=""793"">\n 	<li data-section-id=""1ari6v1"" data-start=""484"" data-end=""544"">🌿 <strong data-start=""489"" data-end=""506"">Set Includes:</strong> 1 Table Runner + Matching Placemats</li>\n 	<li data-section-id=""107kvoh"" data-start=""545"" data-end=""591"">📏 <strong data-start=""550"" data-end=""572"">Table Runner Size:</strong> <strong data-start=""573"" data-end=""591"">13 × 72 Inches</strong></li>\n 	<li data-section-id=""12t5s9s"" data-start=""592"" data-end=""641"">📏 <strong data-start=""597"" data-end=""615"">Placemat Size:</strong> <strong data-start=""616"" data-end=""634"">14 × 22 Inches</strong> (Each)</li>\n 	<li data-section-id=""lfxmvd"" data-start=""642"" data-end=""683"">🧵 <strong data-start=""647"" data-end=""660"">Material:</strong> Premium Quality Cotton</li>\n 	<li data-section-id=""1wicgy"" data-start=""684"" data-end=""728"">🎨 <strong data-start=""689"" data-end=""699"">Craft:</strong> Authentic Handblock Printing</li>\n 	<li data-section-id=""17mftni"" data-start=""729"" data-end=""793"">🏡 Perfect for Dining Tables, Family Meals &amp; Special Occasions</li>\n</ul>\n<h3 data-section-id=""1crtl6g"" data-start=""1352"" data-end=""1377""><span role=""text""><strong data-start=""1356"" data-end=""1377"">Care Instructions</strong></span></h3>\n<ul data-start=""1378"" data-end=""1562"">\n 	<li data-section-id=""1scqryz"" data-start=""1378"" data-end=""1431"">Hand wash or machine wash separately in cold water.</li>\n 	<li data-section-id=""1e12h1u"" data-start=""1432"" data-end=""1455"">Use a mild detergent.</li>\n 	<li data-section-id=""ylovrt"" data-start=""1456"" data-end=""1472"">Do not bleach.</li>\n 	<li data-section-id=""1jq8cf0"" data-start=""1473"" data-end=""1520"">Dry in shade to preserve the handblock print.</li>\n 	<li data-section-id=""myobyp"" data-start=""1521"" data-end=""1562"">Iron on low to medium heat if required.</li>\n</ul>\n<h3 data-section-id=""13s9ksu"" data-start=""1564"" data-end=""1596""><span role=""text""><strong data-start=""1568"" data-end=""1596"">Why Choose Zafiro Indio?</strong></span></h3>\n<p data-start=""1597"" data-end=""1890"" data-is-last-node="""" data-is-only-node="""">At <strong data-start=""1600"" data-end=""1616"">Zafiro Indio</strong>, every product is thoughtfully crafted to celebrate India's rich handblock printing heritage while bringing premium quality and timeless elegance to your home. Each piece is handcrafted with care, ensuring exceptional craftsmanship and lasting beauty for your dining space.</p>",,,taxable,,1,,,0,0,0.5,10,10,2,1,,,,"Runner & Table Mats.",,,https://zafiroindio.com/wp-content/uploads/2026/07/6.png,,,,,,,,,0,,size,"4 Seater, 6 Seater, 8 Seater",1,1,"4 Seater"
7627,variable,ALPHARUNSET,,"Alpha Handblock Table Runner with Placemats",1,1,visible,"<ul>\n 	<li data-section-id=""lmnzoi"" data-start=""62"" data-end=""104"">🍽️ Available for <strong>4 , 6 &amp; 8 Seater Tables.</strong></li>\n 	<li data-section-id=""1do4mxk"" data-start=""139"" data-end=""185"">🎨 <strong data-start=""144"" data-end=""185""> 100% Canvas Cotton | Anti Slip.</strong></li>\n 	<li data-section-id=""1rjp3pc"" data-start=""347"" data-end=""374"">🔄 <strong data-start=""352"" data-end=""374"">Easy 7-Day Returns.</strong></li>\n</ul>","<h1 class=""PDq2pG_selectionAnchorContainer"" data-section-id=""19s6do"" data-start=""0"" data-end=""66""><span role=""text""><strong data-start=""2"" data-end=""66"">Premium Handblock Table Runner Set with Matching Placemats</strong></span></h1>\n<p data-start=""68"" data-end=""458"">Elevate your dining experience with our beautifully handcrafted <strong data-start=""132"" data-end=""170"">Handblock Printed Table Runner Set</strong>, designed to bring timeless elegance to every meal. Made from premium-quality cotton, each piece is carefully hand-printed by skilled artisans, making every set unique. Whether it's for everyday dining or special gatherings, this set adds warmth, charm, and sophistication to your table.</p>\n\n<h3 data-section-id=""o9mgun"" data-start=""460"" data-end=""483""><span role=""text""><strong data-start=""464"" data-end=""483"">Product Details</strong></span></h3>\n<ul data-start=""484"" data-end=""793"">\n 	<li data-section-id=""1ari6v1"" data-start=""484"" data-end=""544"">🌿 <strong data-start=""489"" data-end=""506"">Set Includes:</strong> 1 Table Runner + Matching Placemats</li>\n 	<li data-section-id=""107kvoh"" data-start=""545"" data-end=""591"">📏 <strong data-start=""550"" data-end=""572"">Table Runner Size:</strong> <strong data-start=""573"" data-end=""591"">13 × 72 Inches</strong></li>\n 	<li data-section-id=""12t5s9s"" data-start=""592"" data-end=""641"">📏 <strong data-start=""597"" data-end=""615"">Placemat Size:</strong> <strong data-start=""616"" data-end=""634"">14 × 22 Inches</strong> (Each)</li>\n 	<li data-section-id=""lfxmvd"" data-start=""642"" data-end=""683"">🧵 <strong data-start=""647"" data-end=""660"">Material:</strong> Premium Quality Cotton</li>\n 	<li data-section-id=""1wicgy"" data-start=""684"" data-end=""728"">🎨 <strong data-start=""689"" data-end=""699"">Craft:</strong> Authentic Handblock Printing</li>\n 	<li data-section-id=""17mftni"" data-start=""729"" data-end=""793"">🏡 Perfect for Dining Tables, Family Meals &amp; Special Occasions</li>\n</ul>\n<h3 data-section-id=""1crtl6g"" data-start=""1352"" data-end=""1377""><span role=""text""><strong data-start=""1356"" data-end=""1377"">Care Instructions</strong></span></h3>\n<ul data-start=""1378"" data-end=""1562"">\n 	<li data-section-id=""1scqryz"" data-start=""1378"" data-end=""1431"">Hand wash or machine wash separately in cold water.</li>\n 	<li data-section-id=""1e12h1u"" data-start=""1432"" data-end=""1455"">Use a mild detergent.</li>\n 	<li data-section-id=""ylovrt"" data-start=""1456"" data-end=""1472"">Do not bleach.</li>\n 	<li data-section-id=""1jq8cf0"" data-start=""1473"" data-end=""1520"">Dry in shade to preserve the handblock print.</li>\n 	<li data-section-id=""myobyp"" data-start=""1521"" data-end=""1562"">Iron on low to medium heat if required.</li>\n</ul>\n<h3 data-section-id=""13s9ksu"" data-start=""1564"" data-end=""1596""><span role=""text""><strong data-start=""1568"" data-end=""1596"">Why Choose Zafiro Indio?</strong></span></h3>\n<p data-start=""1597"" data-end=""1890"" data-is-last-node="""" data-is-only-node="""">At <strong data-start=""1600"" data-end=""1616"">Zafiro Indio</strong>, every product is thoughtfully crafted to celebrate India's rich handblock printing heritage while bringing premium quality and timeless elegance to your home. Each piece is handcrafted with care, ensuring exceptional craftsmanship and lasting beauty for your dining space.</p>",,,taxable,,1,,,0,0,0.5,10,10,2,1,,,,"Runner & Table Mats.",,,https://zafiroindio.com/wp-content/uploads/2026/07/5.png,,,,,,,,,0,,size,"4 Seater, 6 Seater, 8 Seater",1,1,"4 Seater"
7628,variable,ARCHRUNSET,,"Arch Handblock Table Runner with Placemats",1,1,visible,"<ul>\n 	<li data-section-id=""lmnzoi"" data-start=""62"" data-end=""104"">🍽️ Available for <strong>4 , 6 &amp; 8 Seater Tables.</strong></li>\n 	<li data-section-id=""1do4mxk"" data-start=""139"" data-end=""185"">🎨 <strong data-start=""144"" data-end=""185""> 100% Canvas Cotton | Anti Slip.</strong></li>\n 	<li data-section-id=""1rjp3pc"" data-start=""347"" data-end=""374"">🔄 <strong data-start=""352"" data-end=""374"">Easy 7-Day Returns.</strong></li>\n</ul>","<h1 class=""PDq2pG_selectionAnchorContainer"" data-section-id=""19s6do"" data-start=""0"" data-end=""66""><span role=""text""><strong data-start=""2"" data-end=""66"">Premium Handblock Table Runner Set with Matching Placemats</strong></span></h1>\n<p data-start=""68"" data-end=""458"">Elevate your dining experience with our beautifully handcrafted <strong data-start=""132"" data-end=""170"">Handblock Printed Table Runner Set</strong>, designed to bring timeless elegance to every meal. Made from premium-quality cotton, each piece is carefully hand-printed by skilled artisans, making every set unique. Whether it's for everyday dining or special gatherings, this set adds warmth, charm, and sophistication to your table.</p>\n\n<h3 data-section-id=""o9mgun"" data-start=""460"" data-end=""483""><span role=""text""><strong data-start=""464"" data-end=""483"">Product Details</strong></span></h3>\n<ul data-start=""484"" data-end=""793"">\n 	<li data-section-id=""1ari6v1"" data-start=""484"" data-end=""544"">🌿 <strong data-start=""489"" data-end=""506"">Set Includes:</strong> 1 Table Runner + Matching Placemats</li>\n 	<li data-section-id=""107kvoh"" data-start=""545"" data-end=""591"">📏 <strong data-start=""550"" data-end=""572"">Table Runner Size:</strong> <strong data-start=""573"" data-end=""591"">13 × 72 Inches</strong></li>\n 	<li data-section-id=""12t5s9s"" data-start=""592"" data-end=""641"">📏 <strong data-start=""597"" data-end=""615"">Placemat Size:</strong> <strong data-start=""616"" data-end=""634"">14 × 22 Inches</strong> (Each)</li>\n 	<li data-section-id=""lfxmvd"" data-start=""642"" data-end=""683"">🧵 <strong data-start=""647"" data-end=""660"">Material:</strong> Premium Quality Cotton</li>\n 	<li data-section-id=""1wicgy"" data-start=""684"" data-end=""728"">🎨 <strong data-start=""689"" data-end=""699"">Craft:</strong> Authentic Handblock Printing</li>\n 	<li data-section-id=""17mftni"" data-start=""729"" data-end=""793"">🏡 Perfect for Dining Tables, Family Meals &amp; Special Occasions</li>\n</ul>\n<h3 data-section-id=""1crtl6g"" data-start=""1352"" data-end=""1377""><span role=""text""><strong data-start=""1356"" data-end=""1377"">Care Instructions</strong></span></h3>\n<ul data-start=""1378"" data-end=""1562"">\n 	<li data-section-id=""1scqryz"" data-start=""1378"" data-end=""1431"">Hand wash or machine wash separately in cold water.</li>\n 	<li data-section-id=""1e12h1u"" data-start=""1432"" data-end=""1455"">Use a mild detergent.</li>\n 	<li data-section-id=""ylovrt"" data-start=""1456"" data-end=""1472"">Do not bleach.</li>\n 	<li data-section-id=""1jq8cf0"" data-start=""1473"" data-end=""1520"">Dry in shade to preserve the handblock print.</li>\n 	<li data-section-id=""myobyp"" data-start=""1521"" data-end=""1562"">Iron on low to medium heat if required.</li>\n</ul>\n<h3 data-section-id=""13s9ksu"" data-start=""1564"" data-end=""1596""><span role=""text""><strong data-start=""1568"" data-end=""1596"">Why Choose Zafiro Indio?</strong></span></h3>\n<p data-start=""1597"" data-end=""1890"" data-is-last-node="""" data-is-only-node="""">At <strong data-start=""1600"" data-end=""1616"">Zafiro Indio</strong>, every product is thoughtfully crafted to celebrate India's rich handblock printing heritage while bringing premium quality and timeless elegance to your home. Each piece is handcrafted with care, ensuring exceptional craftsmanship and lasting beauty for your dining space.</p>",,,taxable,,1,,,0,0,0.5,10,10,2,1,,,,"Runner & Table Mats.",,,https://zafiroindio.com/wp-content/uploads/2026/07/4.png,,,,,,,,,0,,size,"4 Seater, 6 Seater, 8 Seater",1,1,"4 Seater"
7629,variable,MEADOWRUNSET,,"Meadow Handblock Table Runner with Placemats",1,0,visible,"<ul>\n 	<li data-section-id=""lmnzoi"" data-start=""62"" data-end=""104"">🍽️ Available for <strong>4 , 6 &amp; 8 Seater Tables.</strong></li>\n 	<li data-section-id=""1do4mxk"" data-start=""139"" data-end=""185"">🎨 <strong data-start=""144"" data-end=""185""> 100% Canvas Cotton | Anti Slip.</strong></li>\n 	<li data-section-id=""1rjp3pc"" data-start=""347"" data-end=""374"">🔄 <strong data-start=""352"" data-end=""374"">Easy 7-Day Returns.</strong></li>\n</ul>","<h1 class=""PDq2pG_selectionAnchorContainer"" data-section-id=""19s6do"" data-start=""0"" data-end=""66""><span role=""text""><strong data-start=""2"" data-end=""66"">Premium Handblock Table Runner Set with Matching Placemats</strong></span></h1>\n<p data-start=""68"" data-end=""458"">Elevate your dining experience with our beautifully handcrafted <strong data-start=""132"" data-end=""170"">Handblock Printed Table Runner Set</strong>, designed to bring timeless elegance to every meal. Made from premium-quality cotton, each piece is carefully hand-printed by skilled artisans, making every set unique. Whether it's for everyday dining or special gatherings, this set adds warmth, charm, and sophistication to your table.</p>\n\n<h3 data-section-id=""o9mgun"" data-start=""460"" data-end=""483""><span role=""text""><strong data-start=""464"" data-end=""483"">Product Details</strong></span></h3>\n<ul data-start=""484"" data-end=""793"">\n 	<li data-section-id=""1ari6v1"" data-start=""484"" data-end=""544"">🌿 <strong data-start=""489"" data-end=""506"">Set Includes:</strong> 1 Table Runner + Matching Placemats</li>\n 	<li data-section-id=""107kvoh"" data-start=""545"" data-end=""591"">📏 <strong data-start=""550"" data-end=""572"">Table Runner Size:</strong> <strong data-start=""573"" data-end=""591"">13 × 72 Inches</strong></li>\n 	<li data-section-id=""12t5s9s"" data-start=""592"" data-end=""641"">📏 <strong data-start=""597"" data-end=""615"">Placemat Size:</strong> <strong data-start=""616"" data-end=""634"">14 × 22 Inches</strong> (Each)</li>\n 	<li data-section-id=""lfxmvd"" data-start=""642"" data-end=""683"">🧵 <strong data-start=""647"" data-end=""660"">Material:</strong> Premium Quality Cotton</li>\n 	<li data-section-id=""1wicgy"" data-start=""684"" data-end=""728"">🎨 <strong data-start=""689"" data-end=""699"">Craft:</strong> Authentic Handblock Printing</li>\n 	<li data-section-id=""17mftni"" data-start=""729"" data-end=""793"">🏡 Perfect for Dining Tables, Family Meals &amp; Special Occasions</li>\n</ul>\n<h3 data-section-id=""1crtl6g"" data-start=""1352"" data-end=""1377""><span role=""text""><strong data-start=""1356"" data-end=""1377"">Care Instructions</strong></span></h3>\n<ul data-start=""1378"" data-end=""1562"">\n 	<li data-section-id=""1scqryz"" data-start=""1378"" data-end=""1431"">Hand wash or machine wash separately in cold water.</li>\n 	<li data-section-id=""1e12h1u"" data-start=""1432"" data-end=""1455"">Use a mild detergent.</li>\n 	<li data-section-id=""ylovrt"" data-start=""1456"" data-end=""1472"">Do not bleach.</li>\n 	<li data-section-id=""1jq8cf0"" data-start=""1473"" data-end=""1520"">Dry in shade to preserve the handblock print.</li>\n 	<li data-section-id=""myobyp"" data-start=""1521"" data-end=""1562"">Iron on low to medium heat if required.</li>\n</ul>\n<h3 data-section-id=""13s9ksu"" data-start=""1564"" data-end=""1596""><span role=""text""><strong data-start=""1568"" data-end=""1596"">Why Choose Zafiro Indio?</strong></span></h3>\n<p data-start=""1597"" data-end=""1890"" data-is-last-node="""" data-is-only-node="""">At <strong data-start=""1600"" data-end=""1616"">Zafiro Indio</strong>, every product is thoughtfully crafted to celebrate India's rich handblock printing heritage while bringing premium quality and timeless elegance to your home. Each piece is handcrafted with care, ensuring exceptional craftsmanship and lasting beauty for your dining space.</p>",,,taxable,,1,,,0,0,0.5,10,10,2,1,,,,"Runner & Table Mats.",,,https://zafiroindio.com/wp-content/uploads/2026/07/3-2.png,,,,,,,,,0,,size,"4 Seater, 6 Seater, 8 Seater",1,1,"4 Seater"
7630,variable,LUXRUNSET,,"Lux Handblock Table Runner with Placemats",1,1,visible,"<ul>\n 	<li data-section-id=""lmnzoi"" data-start=""62"" data-end=""104"">🍽️ Available for <strong>4 , 6 &amp; 8 Seater Tables.</strong></li>\n 	<li data-section-id=""1do4mxk"" data-start=""139"" data-end=""185"">🎨 <strong data-start=""144"" data-end=""185""> 100% Canvas Cotton | Anti Slip.</strong></li>\n 	<li data-section-id=""1rjp3pc"" data-start=""347"" data-end=""374"">🔄 <strong data-start=""352"" data-end=""374"">Easy 7-Day Returns.</strong></li>\n</ul>","<h1 class=""PDq2pG_selectionAnchorContainer"" data-section-id=""19s6do"" data-start=""0"" data-end=""66""><span role=""text""><strong data-start=""2"" data-end=""66"">Premium Handblock Table Runner Set with Matching Placemats</strong></span></h1>\n<p data-start=""68"" data-end=""458"">Elevate your dining experience with our beautifully handcrafted <strong data-start=""132"" data-end=""170"">Handblock Printed Table Runner Set</strong>, designed to bring timeless elegance to every meal. Made from premium-quality cotton, each piece is carefully hand-printed by skilled artisans, making every set unique. Whether it's for everyday dining or special gatherings, this set adds warmth, charm, and sophistication to your table.</p>\n\n<h3 data-section-id=""o9mgun"" data-start=""460"" data-end=""483""><span role=""text""><strong data-start=""464"" data-end=""483"">Product Details</strong></span></h3>\n<ul data-start=""484"" data-end=""793"">\n 	<li data-section-id=""1ari6v1"" data-start=""484"" data-end=""544"">🌿 <strong data-start=""489"" data-end=""506"">Set Includes:</strong> 1 Table Runner + Matching Placemats</li>\n 	<li data-section-id=""107kvoh"" data-start=""545"" data-end=""591"">📏 <strong data-start=""550"" data-end=""572"">Table Runner Size:</strong> <strong data-start=""573"" data-end=""591"">13 × 72 Inches</strong></li>\n 	<li data-section-id=""12t5s9s"" data-start=""592"" data-end=""641"">📏 <strong data-start=""597"" data-end=""615"">Placemat Size:</strong> <strong data-start=""616"" data-end=""634"">14 × 22 Inches</strong> (Each)</li>\n 	<li data-section-id=""lfxmvd"" data-start=""642"" data-end=""683"">🧵 <strong data-start=""647"" data-end=""660"">Material:</strong> Premium Quality Cotton</li>\n 	<li data-section-id=""1wicgy"" data-start=""684"" data-end=""728"">🎨 <strong data-start=""689"" data-end=""699"">Craft:</strong> Authentic Handblock Printing</li>\n 	<li data-section-id=""17mftni"" data-start=""729"" data-end=""793"">🏡 Perfect for Dining Tables, Family Meals &amp; Special Occasions</li>\n</ul>\n<h3 data-section-id=""1crtl6g"" data-start=""1352"" data-end=""1377""><span role=""text""><strong data-start=""1356"" data-end=""1377"">Care Instructions</strong></span></h3>\n<ul data-start=""1378"" data-end=""1562"">\n 	<li data-section-id=""1scqryz"" data-start=""1378"" data-end=""1431"">Hand wash or machine wash separately in cold water.</li>\n 	<li data-section-id=""1e12h1u"" data-start=""1432"" data-end=""1455"">Use a mild detergent.</li>\n 	<li data-section-id=""ylovrt"" data-start=""1456"" data-end=""1472"">Do not bleach.</li>\n 	<li data-section-id=""1jq8cf0"" data-start=""1473"" data-end=""1520"">Dry in shade to preserve the handblock print.</li>\n 	<li data-section-id=""myobyp"" data-start=""1521"" data-end=""1562"">Iron on low to medium heat if required.</li>\n</ul>\n<h3 data-section-id=""13s9ksu"" data-start=""1564"" data-end=""1596""><span role=""text""><strong data-start=""1568"" data-end=""1596"">Why Choose Zafiro Indio?</strong></span></h3>\n<p data-start=""1597"" data-end=""1890"" data-is-last-node="""" data-is-only-node="""">At <strong data-start=""1600"" data-end=""1616"">Zafiro Indio</strong>, every product is thoughtfully crafted to celebrate India's rich handblock printing heritage while bringing premium quality and timeless elegance to your home. Each piece is handcrafted with care, ensuring exceptional craftsmanship and lasting beauty for your dining space.</p>",,,taxable,,1,,,0,0,0.5,10,10,2,1,,,,"Runner & Table Mats.",,,https://zafiroindio.com/wp-content/uploads/2026/07/2-2.png,,,,,,,,,0,,size,"4 Seater, 6 Seater, 8 Seater",1,1,"4 Seater"
7632,variable,PETALRUNSET,,"Petal Handblock Table Runner with Placemats",1,0,visible,"<ul>\n 	<li data-section-id=""lmnzoi"" data-start=""62"" data-end=""104"">🍽️ Available for <strong>4 , 6 &amp; 8 Seater Tables.</strong></li>\n 	<li data-section-id=""1do4mxk"" data-start=""139"" data-end=""185"">🎨 <strong data-start=""144"" data-end=""185""> 100% Canvas Cotton | Anti Slip.</strong></li>\n 	<li data-section-id=""1rjp3pc"" data-start=""347"" data-end=""374"">🔄 <strong data-start=""352"" data-end=""374"">Easy 7-Day Returns.</strong></li>\n</ul>","<h1 class=""PDq2pG_selectionAnchorContainer"" data-section-id=""19s6do"" data-start=""0"" data-end=""66""><span role=""text""><strong data-start=""2"" data-end=""66"">Premium Handblock Table Runner Set with Matching Placemats</strong></span></h1>\n<p data-start=""68"" data-end=""458"">Elevate your dining experience with our beautifully handcrafted <strong data-start=""132"" data-end=""170"">Handblock Printed Table Runner Set</strong>, designed to bring timeless elegance to every meal. Made from premium-quality cotton, each piece is carefully hand-printed by skilled artisans, making every set unique. Whether it's for everyday dining or special gatherings, this set adds warmth, charm, and sophistication to your table.</p>\n\n<h3 data-section-id=""o9mgun"" data-start=""460"" data-end=""483""><span role=""text""><strong data-start=""464"" data-end=""483"">Product Details</strong></span></h3>\n<ul data-start=""484"" data-end=""793"">\n 	<li data-section-id=""1ari6v1"" data-start=""484"" data-end=""544"">🌿 <strong data-start=""489"" data-end=""506"">Set Includes:</strong> 1 Table Runner + Matching Placemats</li>\n 	<li data-section-id=""107kvoh"" data-start=""545"" data-end=""591"">📏 <strong data-start=""550"" data-end=""572"">Table Runner Size:</strong> <strong data-start=""573"" data-end=""591"">13 × 72 Inches</strong></li>\n 	<li data-section-id=""12t5s9s"" data-start=""592"" data-end=""641"">📏 <strong data-start=""597"" data-end=""615"">Placemat Size:</strong> <strong data-start=""616"" data-end=""634"">14 × 22 Inches</strong> (Each)</li>\n 	<li data-section-id=""lfxmvd"" data-start=""642"" data-end=""683"">🧵 <strong data-start=""647"" data-end=""660"">Material:</strong> Premium Quality Cotton</li>\n 	<li data-section-id=""1wicgy"" data-start=""684"" data-end=""728"">🎨 <strong data-start=""689"" data-end=""699"">Craft:</strong> Authentic Handblock Printing</li>\n 	<li data-section-id=""17mftni"" data-start=""729"" data-end=""793"">🏡 Perfect for Dining Tables, Family Meals &amp; Special Occasions</li>\n</ul>\n<h3 data-section-id=""1crtl6g"" data-start=""1352"" data-end=""1377""><span role=""text""><strong data-start=""1356"" data-end=""1377"">Care Instructions</strong></span></h3>\n<ul data-start=""1378"" data-end=""1562"">\n 	<li data-section-id=""1scqryz"" data-start=""1378"" data-end=""1431"">Hand wash or machine wash separately in cold water.</li>\n 	<li data-section-id=""1e12h1u"" data-start=""1432"" data-end=""1455"">Use a mild detergent.</li>\n 	<li data-section-id=""ylovrt"" data-start=""1456"" data-end=""1472"">Do not bleach.</li>\n 	<li data-section-id=""1jq8cf0"" data-start=""1473"" data-end=""1520"">Dry in shade to preserve the handblock print.</li>\n 	<li data-section-id=""myobyp"" data-start=""1521"" data-end=""1562"">Iron on low to medium heat if required.</li>\n</ul>\n<h3 data-section-id=""13s9ksu"" data-start=""1564"" data-end=""1596""><span role=""text""><strong data-start=""1568"" data-end=""1596"">Why Choose Zafiro Indio?</strong></span></h3>\n<p data-start=""1597"" data-end=""1890"" data-is-last-node="""" data-is-only-node="""">At <strong data-start=""1600"" data-end=""1616"">Zafiro Indio</strong>, every product is thoughtfully crafted to celebrate India's rich handblock printing heritage while bringing premium quality and timeless elegance to your home. Each piece is handcrafted with care, ensuring exceptional craftsmanship and lasting beauty for your dining space.</p>",,,taxable,,1,,,0,0,0.5,10,10,2,1,,,,"Runner & Table Mats.",,,https://zafiroindio.com/wp-content/uploads/2026/07/1-2.png,,,,,,,,,0,,size,"4 Seater, 6 Seater, 8 Seater",1,1,"4 Seater"
7703,variation,mimosa300tc,,"Marilyn Mimosa 300 TC Handblock Bedsheet Set | Export Bedsheet Set. - SUPER KING (112*112 INCHES)",1,0,visible,,,,,taxable,parent,1,,,0,0,1.2,12,18,1,0,,2999,4999,,,,,,,MARILYN-6,,,,,,1,,size,"SUPER KING (112*112 INCHES)",,1,
7704,variation,mallow300tc,,"Marilyn Mallow 300 TC Handblock Bedsheet Set | Export Bedsheet Set. - SUPER KING (112*112 INCHES)",1,0,visible,,,,,taxable,parent,1,,,0,0,1.2,12,18,1,0,,2999,4999,,,,,,,MARILYN-4,,,,,,1,,size,"SUPER KING (112*112 INCHES)",,1,
7707,variation,mist300tc,,"Marilyn Mist 300 TC Handblock Bedsheet Set - SUPER KING (112*112 INCHES)",1,0,visible,,,,,taxable,parent,0,,,0,0,1.2,,,,0,,2999,4999,,,,,,,MARILYN-2,,,,,,1,,size,"SUPER KING (112*112 INCHES)",,1,
7730,variable,"CORAL RUN SET",,"Coral Handblock Table Runner with Placemats",1,0,visible,"<ul>\n 	<li data-section-id=""lmnzoi"" data-start=""62"" data-end=""104"">🍽️ Available for <strong>4 , 6 &amp; 8 Seater Tables.</strong></li>\n 	<li data-section-id=""1do4mxk"" data-start=""139"" data-end=""185"">🎨 <strong data-start=""144"" data-end=""185""> 100% Canvas Cotton | Anti Slip.</strong></li>\n 	<li data-section-id=""1rjp3pc"" data-start=""347"" data-end=""374"">🔄 <strong data-start=""352"" data-end=""374"">Easy 7-Day Returns.</strong></li>\n</ul>","<h1 class=""PDq2pG_selectionAnchorContainer"" data-section-id=""19s6do"" data-start=""0"" data-end=""66""><span role=""text""><strong data-start=""2"" data-end=""66"">Premium Handblock Table Runner Set with Matching Placemats</strong></span></h1>\n<p data-start=""68"" data-end=""458"">Elevate your dining experience with our beautifully handcrafted <strong data-start=""132"" data-end=""170"">Handblock Printed Table Runner Set</strong>, designed to bring timeless elegance to every meal. Made from premium-quality cotton, each piece is carefully hand-printed by skilled artisans, making every set unique. Whether it's for everyday dining or special gatherings, this set adds warmth, charm, and sophistication to your table.</p>\n\n<h3 data-section-id=""o9mgun"" data-start=""460"" data-end=""483""><span role=""text""><strong data-start=""464"" data-end=""483"">Product Details</strong></span></h3>\n<ul data-start=""484"" data-end=""793"">\n 	<li data-section-id=""1ari6v1"" data-start=""484"" data-end=""544"">🌿 <strong data-start=""489"" data-end=""506"">Set Includes:</strong> 1 Table Runner + Matching Placemats</li>\n 	<li data-section-id=""107kvoh"" data-start=""545"" data-end=""591"">📏 <strong data-start=""550"" data-end=""572"">Table Runner Size:</strong> <strong data-start=""573"" data-end=""591"">13 × 72 Inches</strong></li>\n 	<li data-section-id=""12t5s9s"" data-start=""592"" data-end=""641"">📏 <strong data-start=""597"" data-end=""615"">Placemat Size:</strong> <strong data-start=""616"" data-end=""634"">14 × 22 Inches</strong> (Each)</li>\n 	<li data-section-id=""lfxmvd"" data-start=""642"" data-end=""683"">🧵 <strong data-start=""647"" data-end=""660"">Material:</strong> Premium Quality Cotton</li>\n 	<li data-section-id=""1wicgy"" data-start=""684"" data-end=""728"">🎨 <strong data-start=""689"" data-end=""699"">Craft:</strong> Authentic Handblock Printing</li>\n 	<li data-section-id=""17mftni"" data-start=""729"" data-end=""793"">🏡 Perfect for Dining Tables, Family Meals &amp; Special Occasions</li>\n</ul>\n<h3 data-section-id=""1crtl6g"" data-start=""1352"" data-end=""1377""><span role=""text""><strong data-start=""1356"" data-end=""1377"">Care Instructions</strong></span></h3>\n<ul data-start=""1378"" data-end=""1562"">\n 	<li data-section-id=""1scqryz"" data-start=""1378"" data-end=""1431"">Hand wash or machine wash separately in cold water.</li>\n 	<li data-section-id=""1e12h1u"" data-start=""1432"" data-end=""1455"">Use a mild detergent.</li>\n 	<li data-section-id=""ylovrt"" data-start=""1456"" data-end=""1472"">Do not bleach.</li>\n 	<li data-section-id=""1jq8cf0"" data-start=""1473"" data-end=""1520"">Dry in shade to preserve the handblock print.</li>\n 	<li data-section-id=""myobyp"" data-start=""1521"" data-end=""1562"">Iron on low to medium heat if required.</li>\n</ul>\n<h3 data-section-id=""13s9ksu"" data-start=""1564"" data-end=""1596""><span role=""text""><strong data-start=""1568"" data-end=""1596"">Why Choose Zafiro Indio?</strong></span></h3>\n<p data-start=""1597"" data-end=""1890"" data-is-last-node="""" data-is-only-node="""">At <strong data-start=""1600"" data-end=""1616"">Zafiro Indio</strong>, every product is thoughtfully crafted to celebrate India's rich handblock printing heritage while bringing premium quality and timeless elegance to your home. Each piece is handcrafted with care, ensuring exceptional craftsmanship and lasting beauty for your dining space.</p>",,,taxable,,1,,,0,0,0.5,10,10,2,1,,,,"Runner & Table Mats.",,,https://zafiroindio.com/wp-content/uploads/2026/07/10.png,,,,,,,,,0,,size,"4 Seater, 6 Seater, 8 Seater",1,1,"4 Seater"
7731,variable,"GLORY RUN SET",,"Glory Handblock Table Runner with Placemats",1,0,visible,"<ul>\n 	<li data-section-id=""lmnzoi"" data-start=""62"" data-end=""104"">🍽️ Available for <strong>4 , 6 &amp; 8 Seater Tables.</strong></li>\n 	<li data-section-id=""1do4mxk"" data-start=""139"" data-end=""185"">🎨 <strong data-start=""144"" data-end=""185""> 100% Canvas Cotton | Anti Slip.</strong></li>\n 	<li data-section-id=""1rjp3pc"" data-start=""347"" data-end=""374"">🔄 <strong data-start=""352"" data-end=""374"">Easy 7-Day Returns.</strong></li>\n</ul>","<h1 class=""PDq2pG_selectionAnchorContainer"" data-section-id=""19s6do"" data-start=""0"" data-end=""66""><span role=""text""><strong data-start=""2"" data-end=""66"">Premium Handblock Table Runner Set with Matching Placemats</strong></span></h1>\n<p data-start=""68"" data-end=""458"">Elevate your dining experience with our beautifully handcrafted <strong data-start=""132"" data-end=""170"">Handblock Printed Table Runner Set</strong>, designed to bring timeless elegance to every meal. Made from premium-quality cotton, each piece is carefully hand-printed by skilled artisans, making every set unique. Whether it's for everyday dining or special gatherings, this set adds warmth, charm, and sophistication to your table.</p>\n\n<h3 data-section-id=""o9mgun"" data-start=""460"" data-end=""483""><span role=""text""><strong data-start=""464"" data-end=""483"">Product Details</strong></span></h3>\n<ul data-start=""484"" data-end=""793"">\n 	<li data-section-id=""1ari6v1"" data-start=""484"" data-end=""544"">🌿 <strong data-start=""489"" data-end=""506"">Set Includes:</strong> 1 Table Runner + Matching Placemats</li>\n 	<li data-section-id=""107kvoh"" data-start=""545"" data-end=""591"">📏 <strong data-start=""550"" data-end=""572"">Table Runner Size:</strong> <strong data-start=""573"" data-end=""591"">13 × 72 Inches</strong></li>\n 	<li data-section-id=""12t5s9s"" data-start=""592"" data-end=""641"">📏 <strong data-start=""597"" data-end=""615"">Placemat Size:</strong> <strong data-start=""616"" data-end=""634"">14 × 22 Inches</strong> (Each)</li>\n 	<li data-section-id=""lfxmvd"" data-start=""642"" data-end=""683"">🧵 <strong data-start=""647"" data-end=""660"">Material:</strong> Premium Quality Cotton</li>\n 	<li data-section-id=""1wicgy"" data-start=""684"" data-end=""728"">🎨 <strong data-start=""689"" data-end=""699"">Craft:</strong> Authentic Handblock Printing</li>\n 	<li data-section-id=""17mftni"" data-start=""729"" data-end=""793"">🏡 Perfect for Dining Tables, Family Meals &amp; Special Occasions</li>\n</ul>\n<h3 data-section-id=""1crtl6g"" data-start=""1352"" data-end=""1377""><span role=""text""><strong data-start=""1356"" data-end=""1377"">Care Instructions</strong></span></h3>\n<ul data-start=""1378"" data-end=""1562"">\n 	<li data-section-id=""1scqryz"" data-start=""1378"" data-end=""1431"">Hand wash or machine wash separately in cold water.</li>\n 	<li data-section-id=""1e12h1u"" data-start=""1432"" data-end=""1455"">Use a mild detergent.</li>\n 	<li data-section-id=""ylovrt"" data-start=""1456"" data-end=""1472"">Do not bleach.</li>\n 	<li data-section-id=""1jq8cf0"" data-start=""1473"" data-end=""1520"">Dry in shade to preserve the handblock print.</li>\n 	<li data-section-id=""myobyp"" data-start=""1521"" data-end=""1562"">Iron on low to medium heat if required.</li>\n</ul>\n<h3 data-section-id=""13s9ksu"" data-start=""1564"" data-end=""1596""><span role=""text""><strong data-start=""1568"" data-end=""1596"">Why Choose Zafiro Indio?</strong></span></h3>\n<p data-start=""1597"" data-end=""1890"" data-is-last-node="""" data-is-only-node="""">At <strong data-start=""1600"" data-end=""1616"">Zafiro Indio</strong>, every product is thoughtfully crafted to celebrate India's rich handblock printing heritage while bringing premium quality and timeless elegance to your home. Each piece is handcrafted with care, ensuring exceptional craftsmanship and lasting beauty for your dining space.</p>",,,taxable,,1,,,0,0,0.5,10,10,2,1,,,,"Runner & Table Mats.",,,https://zafiroindio.com/wp-content/uploads/2026/07/11.png,,,,,,,,,0,,size,"4 Seater, 6 Seater, 8 Seater",1,1,"4 Seater"
7732,variable,TEALRUNSET,,"Teal Handblock Table Runner with Placemats.",1,0,visible,"<ul>\n 	<li data-section-id=""lmnzoi"" data-start=""62"" data-end=""104"">🍽️ Available for <strong>4 , 6 &amp; 8 Seater Tables.</strong></li>\n 	<li data-section-id=""1do4mxk"" data-start=""139"" data-end=""185"">🎨 <strong data-start=""144"" data-end=""185""> 100% Canvas Cotton | Anti Slip.</strong></li>\n 	<li data-section-id=""1rjp3pc"" data-start=""347"" data-end=""374"">🔄 <strong data-start=""352"" data-end=""374"">Easy 7-Day Returns.</strong></li>\n</ul>","<h1 class=""PDq2pG_selectionAnchorContainer"" data-section-id=""19s6do"" data-start=""0"" data-end=""66""><span role=""text""><strong data-start=""2"" data-end=""66"">Premium Handblock Table Runner Set with  Matching Placemats</strong></span></h1>\n<p data-start=""68"" data-end=""458"">Elevate your dining experience with our beautifully handcrafted <strong data-start=""132"" data-end=""170"">Handblock Printed Table Runner Set</strong>, designed to bring timeless elegance to every meal. Made from premium-quality cotton, each piece is carefully hand-printed by skilled artisans, making every set unique. Whether it's for everyday dining or special gatherings, this set adds warmth, charm, and sophistication to your table.</p>\n\n<h3 data-section-id=""o9mgun"" data-start=""460"" data-end=""483""><span role=""text""><strong data-start=""464"" data-end=""483"">Product Details</strong></span></h3>\n<ul data-start=""484"" data-end=""793"">\n 	<li data-section-id=""1ari6v1"" data-start=""484"" data-end=""544"">🌿 <strong data-start=""489"" data-end=""506"">Set Includes:</strong> 1 Table Runner +  Matching Placemats</li>\n 	<li data-section-id=""107kvoh"" data-start=""545"" data-end=""591"">📏 <strong data-start=""550"" data-end=""572"">Table Runner Size:</strong> <strong data-start=""573"" data-end=""591"">13 × 72 Inches</strong></li>\n 	<li data-section-id=""12t5s9s"" data-start=""592"" data-end=""641"">📏 <strong data-start=""597"" data-end=""615"">Placemat Size:</strong> <strong data-start=""616"" data-end=""634"">14 × 22 Inches</strong> (Each)</li>\n 	<li data-section-id=""lfxmvd"" data-start=""642"" data-end=""683"">🧵 <strong data-start=""647"" data-end=""660"">Material:</strong> Premium Quality Cotton</li>\n 	<li data-section-id=""1wicgy"" data-start=""684"" data-end=""728"">🎨 <strong data-start=""689"" data-end=""699"">Craft:</strong> Authentic Handblock Printing</li>\n 	<li data-section-id=""17mftni"" data-start=""729"" data-end=""793"">🏡 Perfect for Dining Tables, Family Meals &amp; Special Occasions</li>\n</ul>\n<h3 data-section-id=""1crtl6g"" data-start=""1352"" data-end=""1377""><span role=""text""><strong data-start=""1356"" data-end=""1377"">Care Instructions</strong></span></h3>\n<ul data-start=""1378"" data-end=""1562"">\n 	<li data-section-id=""1scqryz"" data-start=""1378"" data-end=""1431"">Hand wash or machine wash separately in cold water.</li>\n 	<li data-section-id=""1e12h1u"" data-start=""1432"" data-end=""1455"">Use a mild detergent.</li>\n 	<li data-section-id=""ylovrt"" data-start=""1456"" data-end=""1472"">Do not bleach.</li>\n 	<li data-section-id=""1jq8cf0"" data-start=""1473"" data-end=""1520"">Dry in shade to preserve the handblock print.</li>\n 	<li data-section-id=""myobyp"" data-start=""1521"" data-end=""1562"">Iron on low to medium heat if required.</li>\n</ul>\n<h3 data-section-id=""13s9ksu"" data-start=""1564"" data-end=""1596""><span role=""text""><strong data-start=""1568"" data-end=""1596"">Why Choose Zafiro Indio?</strong></span></h3>\n<p data-start=""1597"" data-end=""1890"" data-is-last-node="""" data-is-only-node="""">At <strong data-start=""1600"" data-end=""1616"">Zafiro Indio</strong>, every product is thoughtfully crafted to celebrate India's rich handblock printing heritage while bringing premium quality and timeless elegance to your home. Each piece is handcrafted with care, ensuring exceptional craftsmanship and lasting beauty for your dining space.</p>",,,taxable,,1,,,0,0,0.5,10,10,2,1,,,,"Runner & Table Mats.",,,https://zafiroindio.com/wp-content/uploads/2026/07/12.png,,,,,,,,,0,,size,"4 Seater, 6 Seater, 8 Seater",1,1,"4 Seater"
7733,variable,VINCARUNSET,,"Vinca Handblock Table Runner with Placemats",1,0,visible,"<ul>\n 	<li data-section-id=""lmnzoi"" data-start=""62"" data-end=""104"">🍽️ Available for <strong>4 , 6 &amp; 8 Seater Tables.</strong></li>\n 	<li data-section-id=""1do4mxk"" data-start=""139"" data-end=""185"">🎨 <strong data-start=""144"" data-end=""185""> 100% Canvas Cotton | Anti Slip.</strong></li>\n 	<li data-section-id=""1rjp3pc"" data-start=""347"" data-end=""374"">🔄 <strong data-start=""352"" data-end=""374"">Easy 7-Day Returns.</strong></li>\n</ul>","<h1 class=""PDq2pG_selectionAnchorContainer"" data-section-id=""19s6do"" data-start=""0"" data-end=""66""><span role=""text""><strong data-start=""2"" data-end=""66"">Premium Handblock Table Runner Set with Matching Placemats</strong></span></h1>\n<p data-start=""68"" data-end=""458"">Elevate your dining experience with our beautifully handcrafted <strong data-start=""132"" data-end=""170"">Handblock Printed Table Runner Set</strong>, designed to bring timeless elegance to every meal. Made from premium-quality cotton, each piece is carefully hand-printed by skilled artisans, making every set unique. Whether it's for everyday dining or special gatherings, this set adds warmth, charm, and sophistication to your table.</p>\n\n<h3 data-section-id=""o9mgun"" data-start=""460"" data-end=""483""><span role=""text""><strong data-start=""464"" data-end=""483"">Product Details</strong></span></h3>\n<ul data-start=""484"" data-end=""793"">\n 	<li data-section-id=""1ari6v1"" data-start=""484"" data-end=""544"">🌿 <strong data-start=""489"" data-end=""506"">Set Includes:</strong> 1 Table Runner + Matching Placemats</li>\n 	<li data-section-id=""107kvoh"" data-start=""545"" data-end=""591"">📏 <strong data-start=""550"" data-end=""572"">Table Runner Size:</strong> <strong data-start=""573"" data-end=""591"">13 × 72 Inches</strong></li>\n 	<li data-section-id=""12t5s9s"" data-start=""592"" data-end=""641"">📏 <strong data-start=""597"" data-end=""615"">Placemat Size:</strong> <strong data-start=""616"" data-end=""634"">14 × 22 Inches</strong> (Each)</li>\n 	<li data-section-id=""lfxmvd"" data-start=""642"" data-end=""683"">🧵 <strong data-start=""647"" data-end=""660"">Material:</strong> Premium Quality Cotton</li>\n 	<li data-section-id=""1wicgy"" data-start=""684"" data-end=""728"">🎨 <strong data-start=""689"" data-end=""699"">Craft:</strong> Authentic Handblock Printing</li>\n 	<li data-section-id=""17mftni"" data-start=""729"" data-end=""793"">🏡 Perfect for Dining Tables, Family Meals &amp; Special Occasions</li>\n</ul>\n<h3 data-section-id=""1crtl6g"" data-start=""1352"" data-end=""1377""><span role=""text""><strong data-start=""1356"" data-end=""1377"">Care Instructions</strong></span></h3>\n<ul data-start=""1378"" data-end=""1562"">\n 	<li data-section-id=""1scqryz"" data-start=""1378"" data-end=""1431"">Hand wash or machine wash separately in cold water.</li>\n 	<li data-section-id=""1e12h1u"" data-start=""1432"" data-end=""1455"">Use a mild detergent.</li>\n 	<li data-section-id=""ylovrt"" data-start=""1456"" data-end=""1472"">Do not bleach.</li>\n 	<li data-section-id=""1jq8cf0"" data-start=""1473"" data-end=""1520"">Dry in shade to preserve the handblock print.</li>\n 	<li data-section-id=""myobyp"" data-start=""1521"" data-end=""1562"">Iron on low to medium heat if required.</li>\n</ul>\n<h3 data-section-id=""13s9ksu"" data-start=""1564"" data-end=""1596""><span role=""text""><strong data-start=""1568"" data-end=""1596"">Why Choose Zafiro Indio?</strong></span></h3>\n<p data-start=""1597"" data-end=""1890"" data-is-last-node="""" data-is-only-node="""">At <strong data-start=""1600"" data-end=""1616"">Zafiro Indio</strong>, every product is thoughtfully crafted to celebrate India's rich handblock printing heritage while bringing premium quality and timeless elegance to your home. Each piece is handcrafted with care, ensuring exceptional craftsmanship and lasting beauty for your dining space.</p>",,,taxable,,1,,,0,0,0.5,10,10,2,1,,,,"Runner & Table Mats.",,,https://zafiroindio.com/wp-content/uploads/2026/07/13.png,,,,,,,,,0,,size,"4 Seater, 6 Seater, 8 Seater",1,1,"4 Seater"
7734,simple,MARILYN-16,,"Marilyn Teal 300 TC Handblock Bedsheet Set | Export Bedsheet Set.",1,1,visible,"<ul>\n 	<li data-section-id=""1b2v2zz"" data-start=""186"" data-end=""237"">🌿 <strong data-start=""475"" data-end=""514"">100%  Cotton  – 300 TC Fabric.</strong></li>\n 	<li data-section-id=""1b2v2zz"" data-start=""186"" data-end=""237"">🧵 <strong data-start=""520"" data-end=""562"">Handcrafted • Durable • Azo Free.</strong></li>\n 	<li data-section-id=""1b2v2zz"" data-start=""186"" data-end=""237"">👑 <strong>King Size 108*108 Inches.</strong></li>\n 	<li data-section-id=""1rjp3pc"" data-start=""334"" data-end=""361"">🔄 <strong data-start=""339"" data-end=""361"">Easy 7-Day Returns.</strong></li>\n</ul>","<h3>Luxurious Comfort Meets Traditional Craft</h3>\nThe Marilyn Monroe 112"" x 112"" <strong>percale cotton bed sheet set</strong> blends modern elegance with timeless Indian craftsmanship. Featuring an original handblock print on a super smooth percale weave, each piece is a work of art that brings warmth and character to your bedroom.\n<h4>Key Features:</h4>\n<ul>\n 	<li><strong>Fabric:</strong> 100% Pure Percale Cotton – soft, breathable, and skin-friendly</li>\n 	<li><strong>Weave:</strong> Percale – smooth &amp; breathable, ideal for all-season comfort</li>\n 	<li><strong>Thread Count:</strong> 300 TC – super smooth feel for everyday luxury</li>\n 	<li><strong>Print:</strong> Original Handblock Print – traditional craftsmanship by skilled artisans</li>\n 	<li><strong>Size:</strong> Flat Sheet: 112"" × 112"" (280 cm × 280 cm) – fits double &amp; king beds</li>\n 	<li><strong>Pillow Covers:</strong> 2 pieces (20"" × 30"")</li>\n 	<li><strong>Quality:</strong> Durable fabric with long-lasting color</li>\n 	<li><strong>Care:</strong> Easy to wash and maintain</li>\n</ul>\nIdeal for daily use, gifting, or elevating your home décor with artisanal charm. Experience premium comfort with lasting quality.",,,taxable,,1,,,0,1,1.2,12,18,1,1,,2999,4999,"Bedsheets > 300 TC Parcale Bedsheets., Bedsheets, Bedsheets > 300 TC Parcale Bedsheets. > Marilyn",,,"https://zafiroindio.com/wp-content/uploads/2026/07/1-6-1-scaled.jpg, https://zafiroindio.com/wp-content/uploads/2026/07/1-3-1-scaled.jpg, https://zafiroindio.com/wp-content/uploads/2026/07/1-7-1-scaled.jpg, https://zafiroindio.com/wp-content/uploads/2026/07/1-9-1-scaled.jpg, https://zafiroindio.com/wp-content/uploads/2026/07/1-11-scaled.jpg",,,,,,,,,0,,"Packing Type","Normal Packing, Gift Packing",1,0,
7762,simple,MARILYN-17,,"Marilyn Olive 300 TC Handblock Bedsheet Set | Export Bedsheet Set.",1,1,visible,"<ul>\n 	<li data-section-id=""1b2v2zz"" data-start=""186"" data-end=""237"">🌿 <strong data-start=""475"" data-end=""514"">100%  Cotton  – 300 TC Fabric.</strong></li>\n 	<li data-section-id=""1b2v2zz"" data-start=""186"" data-end=""237"">🧵 <strong data-start=""520"" data-end=""562"">Handcrafted • Durable • Azo Free.</strong></li>\n 	<li data-section-id=""1b2v2zz"" data-start=""186"" data-end=""237"">👑 <strong>King Size 108*108 Inches.</strong></li>\n 	<li data-section-id=""1rjp3pc"" data-start=""334"" data-end=""361"">🔄 <strong data-start=""339"" data-end=""361"">Easy 7-Day Returns.</strong></li>\n</ul>","<h3>Luxurious Comfort Meets Traditional Craft</h3>\nThe Marilyn Monroe 112"" x 112"" <strong>percale cotton bed sheet set</strong> blends modern elegance with timeless Indian craftsmanship. Featuring an original handblock print on a super smooth percale weave, each piece is a work of art that brings warmth and character to your bedroom.\n<h4>Key Features:</h4>\n<ul>\n 	<li><strong>Fabric:</strong> 100% Pure Percale Cotton – soft, breathable, and skin-friendly</li>\n 	<li><strong>Weave:</strong> Percale – smooth &amp; breathable, ideal for all-season comfort</li>\n 	<li><strong>Thread Count:</strong> 300 TC – super smooth feel for everyday luxury</li>\n 	<li><strong>Print:</strong> Original Handblock Print – traditional craftsmanship by skilled artisans</li>\n 	<li><strong>Size:</strong> Flat Sheet: 112"" × 112"" (280 cm × 280 cm) – fits double &amp; king beds</li>\n 	<li><strong>Pillow Covers:</strong> 2 pieces (20"" × 30"")</li>\n 	<li><strong>Quality:</strong> Durable fabric with long-lasting color</li>\n 	<li><strong>Care:</strong> Easy to wash and maintain</li>\n</ul>\nIdeal for daily use, gifting, or elevating your home décor with artisanal charm. Experience premium comfort with lasting quality.",,,taxable,,1,,,0,1,1.2,12,18,1,1,,2999,4999,"Bedsheets > 300 TC Parcale Bedsheets., Bedsheets, Bedsheets > 300 TC Parcale Bedsheets. > Marilyn",,,"https://zafiroindio.com/wp-content/uploads/2026/07/4-5-scaled.jpg, https://zafiroindio.com/wp-content/uploads/2026/07/4-2-3-scaled.jpg, https://zafiroindio.com/wp-content/uploads/2026/07/4-3-scaled.jpg, https://zafiroindio.com/wp-content/uploads/2026/07/4-8-1-scaled.jpg, https://zafiroindio.com/wp-content/uploads/2026/07/4-12-scaled.jpg",,,,,,,,,0,,"Packing Type","Normal Packing, Gift Packing",1,0,
7764,simple,MARILYN-18,,"Marilyn Bloom 300 TC Handblock Bedsheet Set | Export Bedsheet Set.",1,0,visible,"<ul>\n 	<li data-section-id=""1b2v2zz"" data-start=""186"" data-end=""237"">🌿 <strong data-start=""475"" data-end=""514"">100%  Cotton  – 300 TC Fabric.</strong></li>\n 	<li data-section-id=""1b2v2zz"" data-start=""186"" data-end=""237"">🧵 <strong data-start=""520"" data-end=""562"">Handcrafted • Durable • Azo Free.</strong></li>\n 	<li data-section-id=""1b2v2zz"" data-start=""186"" data-end=""237"">👑 <strong>King Size 108*108 Inches.</strong></li>\n 	<li data-section-id=""1rjp3pc"" data-start=""334"" data-end=""361"">🔄 <strong data-start=""339"" data-end=""361"">Easy 7-Day Returns.</strong></li>\n</ul>","<h3>Luxurious Comfort Meets Traditional Craft</h3>\nThe Marilyn Monroe 112"" x 112"" <strong>percale cotton bed sheet set</strong> blends modern elegance with timeless Indian craftsmanship. Featuring an original handblock print on a super smooth percale weave, each piece is a work of art that brings warmth and character to your bedroom.\n<h4>Key Features:</h4>\n<ul>\n 	<li><strong>Fabric:</strong> 100% Pure Percale Cotton – soft, breathable, and skin-friendly</li>\n 	<li><strong>Weave:</strong> Percale – smooth &amp; breathable, ideal for all-season comfort</li>\n 	<li><strong>Thread Count:</strong> 300 TC – super smooth feel for everyday luxury</li>\n 	<li><strong>Print:</strong> Original Handblock Print – traditional craftsmanship by skilled artisans</li>\n 	<li><strong>Size:</strong> Flat Sheet: 112"" × 112"" (280 cm × 280 cm) – fits double &amp; king beds</li>\n 	<li><strong>Pillow Covers:</strong> 2 pieces (20"" × 30"")</li>\n 	<li><strong>Quality:</strong> Durable fabric with long-lasting color</li>\n 	<li><strong>Care:</strong> Easy to wash and maintain</li>\n</ul>\nIdeal for daily use, gifting, or elevating your home décor with artisanal charm. Experience premium comfort with lasting quality.",,,taxable,,1,,,0,1,1.2,12,18,1,1,,2999,4999,"Bedsheets > 300 TC Parcale Bedsheets., Bedsheets, Bedsheets > 300 TC Parcale Bedsheets. > Marilyn",,,"https://zafiroindio.com/wp-content/uploads/2026/07/6-6-scaled.jpg, https://zafiroindio.com/wp-content/uploads/2026/07/6-3-scaled.jpg, https://zafiroindio.com/wp-content/uploads/2026/07/6-4-1-scaled.jpg, https://zafiroindio.com/wp-content/uploads/2026/07/6-8-1-scaled.jpg, https://zafiroindio.com/wp-content/uploads/2026/07/6-11-1-scaled.jpg",,,,,,,,,0,,"Packing Type","Normal Packing, Gift Packing",1,0,
7767,simple,MARILYN-19,,"Marilyn Flora 300 TC Handblock Bedsheet Set | Export Bedsheet Set.",1,0,visible,"<ul>\n 	<li data-section-id=""1b2v2zz"" data-start=""186"" data-end=""237"">🌿 <strong data-start=""475"" data-end=""514"">100%  Cotton  – 300 TC Fabric.</strong></li>\n 	<li data-section-id=""1b2v2zz"" data-start=""186"" data-end=""237"">🧵 <strong data-start=""520"" data-end=""562"">Handcrafted • Durable • Azo Free.</strong></li>\n 	<li data-section-id=""1b2v2zz"" data-start=""186"" data-end=""237"">👑 <strong>King Size 108*108 Inches.</strong></li>\n 	<li data-section-id=""1rjp3pc"" data-start=""334"" data-end=""361"">🔄 <strong data-start=""339"" data-end=""361"">Easy 7-Day Returns.</strong></li>\n</ul>","<h3>Luxurious Comfort Meets Traditional Craft</h3>\nThe Marilyn Monroe 112"" x 112"" <strong>percale cotton bed sheet set</strong> blends modern elegance with timeless Indian craftsmanship. Featuring an original handblock print on a super smooth percale weave, each piece is a work of art that brings warmth and character to your bedroom.\n<h4>Key Features:</h4>\n<ul>\n 	<li><strong>Fabric:</strong> 100% Pure Percale Cotton – soft, breathable, and skin-friendly</li>\n 	<li><strong>Weave:</strong> Percale – smooth &amp; breathable, ideal for all-season comfort</li>\n 	<li><strong>Thread Count:</strong> 300 TC – super smooth feel for everyday luxury</li>\n 	<li><strong>Print:</strong> Original Handblock Print – traditional craftsmanship by skilled artisans</li>\n 	<li><strong>Size:</strong> Flat Sheet: 112"" × 112"" (280 cm × 280 cm) – fits double &amp; king beds</li>\n 	<li><strong>Pillow Covers:</strong> 2 pieces (20"" × 30"")</li>\n 	<li><strong>Quality:</strong> Durable fabric with long-lasting color</li>\n 	<li><strong>Care:</strong> Easy to wash and maintain</li>\n</ul>\nIdeal for daily use, gifting, or elevating your home décor with artisanal charm. Experience premium comfort with lasting quality.",,,taxable,,1,,,0,1,1.2,12,18,1,1,,2999,4999,"Bedsheets > 300 TC Parcale Bedsheets., Bedsheets, Bedsheets > 300 TC Parcale Bedsheets. > Marilyn",,,"https://zafiroindio.com/wp-content/uploads/2026/07/7-8-scaled.jpg, https://zafiroindio.com/wp-content/uploads/2026/07/7-3-1-scaled.jpg, https://zafiroindio.com/wp-content/uploads/2026/07/7-5-1-scaled.jpg, https://zafiroindio.com/wp-content/uploads/2026/07/7-10-1-scaled.jpg, https://zafiroindio.com/wp-content/uploads/2026/07/7-12-scaled.jpg",,,,,,,,,0,,"Packing Type","Normal Packing, Gift Packing",1,0,
7824,simple,,,"Botanical Bloom Quilted Bedcover Set 100x108 inches",1,1,visible,"<ul>\n 	<li data-section-id=""lqijuc"" data-start=""145"" data-end=""186""><strong>🎁 100% Mal Cotton | Cotton filling.</strong></li>\n 	<li data-section-id=""1dd4moi"" data-start=""251"" data-end=""307""><strong>❤️ Reversible Design | Premium Packing.</strong></li>\n 	<li><strong>👇 Shop Now ,Limited Stock.</strong></li>\n</ul>","<h2 class=""PDq2pG_selectionAnchorContainer"" data-section-id=""10tj8yu"" data-start=""172"" data-end=""215""><span role=""text""><strong data-start=""175"" data-end=""215"">Botanical Bloom Handblock Quilted Bedcover</strong></span></h2>\n<p data-start=""216"" data-end=""268""><strong data-start=""216"" data-end=""268"">Premium Quilted Bedcover | Size: 100 × 108 Inches</strong></p>\n\n<h3 data-section-id=""1gh5l1n"" data-start=""270"" data-end=""297""><span role=""text""><strong data-start=""274"" data-end=""297"">Product Description</strong></span></h3>\n<p data-start=""299"" data-end=""705"">Transform your bedroom with the timeless elegance of the botanical Bloom<strong data-start=""356"" data-end=""396""> Handblock Quilted Bedcover</strong>. Crafted from <strong data-start=""411"" data-end=""451"">premium 82×92 Pure Mal Cotton fabric</strong> and expertly <strong data-start=""465"" data-end=""512"">machine quilted with 220 GSM cotton filling</strong>, this bedcover offers exceptional softness, durability, and comfort. Featuring a beautiful handblock-inspired floral design, it adds a luxurious touch to both modern and traditional interiors.</p>\n\n<h3 data-section-id=""pm8yra"" data-start=""707"" data-end=""727""><span role=""text""><strong data-start=""711"" data-end=""727"">Key Features</strong></span></h3>\n<ul data-start=""729"" data-end=""1665"">\n 	<li data-section-id=""blahw"" data-start=""729"" data-end=""838"">🌸 <strong data-start=""734"" data-end=""774"">Premium 82×92 Pure Mal Cotton Fabric</strong> – Soft, breathable, durable, and made from high-quality cotton.</li>\n 	<li data-section-id=""1soavbu"" data-start=""839"" data-end=""922"">🪡 <strong data-start=""844"" data-end=""870"">220 GSM Cotton Filling</strong> – Provides lightweight warmth and superior comfort.</li>\n 	<li data-section-id=""2isizd"" data-start=""923"" data-end=""1022"">✨ <strong data-start=""927"" data-end=""953"">Machine Quilted Finish</strong> – Fine stitching ensures long-lasting durability and a premium look.</li>\n 	<li data-section-id=""17kc9j4"" data-start=""1023"" data-end=""1105"">🛏️ <strong data-start=""1029"" data-end=""1047"">Bedcover Size:</strong> 100<strong data-start=""1048"" data-end=""1067""> × 108 Inches</strong> – Ideal for Queen and King size beds.</li>\n 	<li data-section-id=""ye4hdq"" data-start=""1106"" data-end=""1200"">🎨 <strong data-start=""1111"" data-end=""1155"">Elegant Handblock-Inspired Floral Design</strong> – Adds timeless charm to your bedroom décor.</li>\n 	<li data-section-id=""dvhr6o"" data-start=""1201"" data-end=""1291"">🌿 <strong data-start=""1206"" data-end=""1230"">Soft &amp; Skin-Friendly</strong> – Comfortable for everyday use and suitable for all seasons.</li>\n 	<li data-section-id=""vkcyzx"" data-start=""1292"" data-end=""1390"">💪 <strong data-start=""1297"" data-end=""1329"">Premium Quality Construction</strong> – Designed to retain its shape and beauty after regular use.</li>\n 	<li data-section-id=""donchp"" data-start=""1391"" data-end=""1478"">🏡 <strong data-start=""1396"" data-end=""1435"">Perfect for Daily Use &amp; Guest Rooms</strong> – Blends comfort with sophisticated style.</li>\n 	<li data-section-id=""10oxw2n"" data-start=""1479"" data-end=""1580"">🎁 <strong data-start=""1484"" data-end=""1505"">A Thoughtful Gift</strong> – Ideal for weddings, housewarmings, anniversaries, and festive occasions.</li>\n 	<li data-section-id=""1uyx586"" data-start=""1581"" data-end=""1665"">🧺 <strong data-start=""1586"" data-end=""1599"">Easy Care</strong> – Machine washable on a gentle cycle for hassle-free maintenance.</li>\n</ul>\n<h3 data-section-id=""86evjn"" data-start=""1667"" data-end=""1691""><span role=""text""><strong data-start=""1671"" data-end=""1691"">Package Includes</strong></span></h3>\n<ul data-start=""1693"" data-end=""1768"">\n 	<li data-section-id=""1k83m2p"" data-start=""1693"" data-end=""1738"">✔️ 1 Quilted Bedcover (100<strong data-start=""1718"" data-end=""1737""> × 108 Inches</strong>)</li>\n 	<li data-section-id=""1xeboct"" data-start=""1739"" data-end=""1768"">✔️ 2 Matching Pillow Covers</li>\n</ul>",,,taxable,,1,,,0,1,2.2,40,40,8,1,,5999,11999,"Quilted Bedcovers.",,,"https://zafiroindio.com/wp-content/uploads/2026/07/09-13-scaled.jpg, https://zafiroindio.com/wp-content/uploads/2026/07/09-8-scaled.jpg, https://zafiroindio.com/wp-content/uploads/2026/07/09-11-scaled.jpg, https://zafiroindio.com/wp-content/uploads/2026/07/09-16-scaled.jpg, https://zafiroindio.com/wp-content/uploads/2026/07/09-4-scaled.jpg",,,,,,,,,0,,size,"100*108 Inches ( King Size )",1,1,
7826,simple,,,"Ivory Bloom Quilted Bedcover Set 100x108 Inches.",1,1,visible,"<ul>\n 	<li data-section-id=""lqijuc"" data-start=""145"" data-end=""186""><strong>🎁 100% Mal Cotton | Cotton filling.</strong></li>\n 	<li data-section-id=""1dd4moi"" data-start=""251"" data-end=""307""><strong>❤️ Reversible Design | Premium Packing.</strong></li>\n 	<li><strong>👇 Shop Now ,Limited Stock.</strong></li>\n</ul>","<h2 class=""PDq2pG_selectionAnchorContainer"" data-section-id=""10tj8yu"" data-start=""172"" data-end=""215""><span role=""text""><strong data-start=""175"" data-end=""215"">Ivory Bloom </strong></span><span role=""text""><strong data-start=""175"" data-end=""215"">Handblock Quilted Bedcover</strong></span></h2>\n<p data-start=""216"" data-end=""268""><strong data-start=""216"" data-end=""268"">Premium Quilted Bedcover | Size: 100 × 108 Inches</strong></p>\n\n<h3 data-section-id=""1gh5l1n"" data-start=""270"" data-end=""297""><span role=""text""><strong data-start=""274"" data-end=""297"">Product Description</strong></span></h3>\n<p data-start=""299"" data-end=""705"">Transform your bedroom with the timeless elegance of the Ivory Bloom<strong data-start=""356"" data-end=""396""> Handblock Quilted Bedcover</strong>. Crafted from <strong data-start=""411"" data-end=""451"">premium 82×92 Pure Mal Cotton fabric</strong> and expertly <strong data-start=""465"" data-end=""512"">machine quilted with 220 GSM cotton filling</strong>, this bedcover offers exceptional softness, durability, and comfort. Featuring a beautiful handblock-inspired floral design, it adds a luxurious touch to both modern and traditional interiors.</p>\n\n<h3 data-section-id=""pm8yra"" data-start=""707"" data-end=""727""><span role=""text""><strong data-start=""711"" data-end=""727"">Key Features</strong></span></h3>\n<ul data-start=""729"" data-end=""1665"">\n 	<li data-section-id=""blahw"" data-start=""729"" data-end=""838"">🌸 <strong data-start=""734"" data-end=""774"">Premium 82×92 Pure Mal Cotton Fabric</strong> – Soft, breathable, durable, and made from high-quality cotton.</li>\n 	<li data-section-id=""1soavbu"" data-start=""839"" data-end=""922"">🪡 <strong data-start=""844"" data-end=""870"">220 GSM Cotton Filling</strong> – Provides lightweight warmth and superior comfort.</li>\n 	<li data-section-id=""2isizd"" data-start=""923"" data-end=""1022"">✨ <strong data-start=""927"" data-end=""953"">Machine Quilted Finish</strong> – Fine stitching ensures long-lasting durability and a premium look.</li>\n 	<li data-section-id=""17kc9j4"" data-start=""1023"" data-end=""1105"">🛏️ <strong data-start=""1029"" data-end=""1047"">Bedcover Size:</strong> 100<strong data-start=""1048"" data-end=""1067""> × 108 Inches</strong> – Ideal for Queen and King size beds.</li>\n 	<li data-section-id=""ye4hdq"" data-start=""1106"" data-end=""1200"">🎨 <strong data-start=""1111"" data-end=""1155"">Elegant Handblock-Inspired Floral Design</strong> – Adds timeless charm to your bedroom décor.</li>\n 	<li data-section-id=""dvhr6o"" data-start=""1201"" data-end=""1291"">🌿 <strong data-start=""1206"" data-end=""1230"">Soft &amp; Skin-Friendly</strong> – Comfortable for everyday use and suitable for all seasons.</li>\n 	<li data-section-id=""vkcyzx"" data-start=""1292"" data-end=""1390"">💪 <strong data-start=""1297"" data-end=""1329"">Premium Quality Construction</strong> – Designed to retain its shape and beauty after regular use.</li>\n 	<li data-section-id=""donchp"" data-start=""1391"" data-end=""1478"">🏡 <strong data-start=""1396"" data-end=""1435"">Perfect for Daily Use &amp; Guest Rooms</strong> – Blends comfort with sophisticated style.</li>\n 	<li data-section-id=""10oxw2n"" data-start=""1479"" data-end=""1580"">🎁 <strong data-start=""1484"" data-end=""1505"">A Thoughtful Gift</strong> – Ideal for weddings, housewarmings, anniversaries, and festive occasions.</li>\n 	<li data-section-id=""1uyx586"" data-start=""1581"" data-end=""1665"">🧺 <strong data-start=""1586"" data-end=""1599"">Easy Care</strong> – Machine washable on a gentle cycle for hassle-free maintenance.</li>\n</ul>\n<h3 data-section-id=""86evjn"" data-start=""1667"" data-end=""1691""><span role=""text""><strong data-start=""1671"" data-end=""1691"">Package Includes</strong></span></h3>\n<ul data-start=""1693"" data-end=""1768"">\n 	<li data-section-id=""1k83m2p"" data-start=""1693"" data-end=""1738"">✔️ 1 Quilted Bedcover (100<strong data-start=""1718"" data-end=""1737""> × 108 Inches</strong>)</li>\n 	<li data-section-id=""1xeboct"" data-start=""1739"" data-end=""1768"">✔️ 2 Matching Pillow Covers</li>\n</ul>",,,taxable,,1,,,0,1,2.2,40,40,8,1,,5999,11999,"Quilted Bedcovers.",,,"https://zafiroindio.com/wp-content/uploads/2026/07/8-12-scaled.jpg, https://zafiroindio.com/wp-content/uploads/2026/07/8-9-scaled.jpg, https://zafiroindio.com/wp-content/uploads/2026/07/8-14-scaled.jpg, https://zafiroindio.com/wp-content/uploads/2026/07/8-16-scaled.jpg, https://zafiroindio.com/wp-content/uploads/2026/07/8-2-1-scaled.jpg",,,,,,,,,0,,size,"100*108 Inches ( King Size )",1,1,
7832,simple,"BOTANICAL TRELLIS QUILTED",,"Rosé Vine Quilted Bedcover Set 100x108 Inches.",1,1,visible,"<ul>\n 	<li data-section-id=""lqijuc"" data-start=""145"" data-end=""186""><strong>🎁 100% Mal Cotton | Cotton filling.</strong></li>\n 	<li data-section-id=""1dd4moi"" data-start=""251"" data-end=""307""><strong>❤️ Reversible Design | Premium Packing.</strong></li>\n 	<li><strong>👇 Shop Now ,Limited Stock.</strong></li>\n</ul>","<h2 class=""PDq2pG_selectionAnchorContainer"" data-section-id=""10tj8yu"" data-start=""172"" data-end=""215""><span role=""text""><strong data-start=""175"" data-end=""215"">Rosé Vine Handblock Quilted Bedcover</strong></span></h2>\n<p data-start=""216"" data-end=""268""><strong data-start=""216"" data-end=""268"">Premium Quilted Bedcover | Size: 100 × 108 Inches</strong></p>\n\n<h3 data-section-id=""1gh5l1n"" data-start=""270"" data-end=""297""><span role=""text""><strong data-start=""274"" data-end=""297"">Product Description</strong></span></h3>\n<p data-start=""299"" data-end=""705"">Transform your bedroom with the timeless elegance of the <strong data-start=""356"" data-end=""396""> Rosé Vine Handblock Quilted Bedcover</strong>. Crafted from <strong data-start=""411"" data-end=""451"">premium 82×92 Pure Mal Cotton fabric</strong> and expertly <strong data-start=""465"" data-end=""512"">machine quilted with 220 GSM cotton filling</strong>, this bedcover offers exceptional softness, durability, and comfort. Featuring a beautiful handblock-inspired floral design, it adds a luxurious touch to both modern and traditional interiors.</p>\n\n<h3 data-section-id=""pm8yra"" data-start=""707"" data-end=""727""><span role=""text""><strong data-start=""711"" data-end=""727"">Key Features</strong></span></h3>\n<ul data-start=""729"" data-end=""1665"">\n 	<li data-section-id=""blahw"" data-start=""729"" data-end=""838"">🌸 <strong data-start=""734"" data-end=""774"">Premium 82×92 Pure Mal Cotton Fabric</strong> – Soft, breathable, durable, and made from high-quality cotton.</li>\n 	<li data-section-id=""1soavbu"" data-start=""839"" data-end=""922"">🪡 <strong data-start=""844"" data-end=""870"">220 GSM Cotton Filling</strong> – Provides lightweight warmth and superior comfort.</li>\n 	<li data-section-id=""2isizd"" data-start=""923"" data-end=""1022"">✨ <strong data-start=""927"" data-end=""953"">Machine Quilted Finish</strong> – Fine stitching ensures long-lasting durability and a premium look.</li>\n 	<li data-section-id=""17kc9j4"" data-start=""1023"" data-end=""1105"">🛏️ <strong data-start=""1029"" data-end=""1047"">Bedcover Size:</strong> 100<strong data-start=""1048"" data-end=""1067""> × 108 Inches</strong> – Ideal for Queen and King size beds.</li>\n 	<li data-section-id=""ye4hdq"" data-start=""1106"" data-end=""1200"">🎨 <strong data-start=""1111"" data-end=""1155"">Elegant Handblock-Inspired Floral Design</strong> – Adds timeless charm to your bedroom décor.</li>\n 	<li data-section-id=""dvhr6o"" data-start=""1201"" data-end=""1291"">🌿 <strong data-start=""1206"" data-end=""1230"">Soft &amp; Skin-Friendly</strong> – Comfortable for everyday use and suitable for all seasons.</li>\n 	<li data-section-id=""vkcyzx"" data-start=""1292"" data-end=""1390"">💪 <strong data-start=""1297"" data-end=""1329"">Premium Quality Construction</strong> – Designed to retain its shape and beauty after regular use.</li>\n 	<li data-section-id=""donchp"" data-start=""1391"" data-end=""1478"">🏡 <strong data-start=""1396"" data-end=""1435"">Perfect for Daily Use &amp; Guest Rooms</strong> – Blends comfort with sophisticated style.</li>\n 	<li data-section-id=""10oxw2n"" data-start=""1479"" data-end=""1580"">🎁 <strong data-start=""1484"" data-end=""1505"">A Thoughtful Gift</strong> – Ideal for weddings, housewarmings, anniversaries, and festive occasions.</li>\n 	<li data-section-id=""1uyx586"" data-start=""1581"" data-end=""1665"">🧺 <strong data-start=""1586"" data-end=""1599"">Easy Care</strong> – Machine washable on a gentle cycle for hassle-free maintenance.</li>\n</ul>\n<h3 data-section-id=""86evjn"" data-start=""1667"" data-end=""1691""><span role=""text""><strong data-start=""1671"" data-end=""1691"">Package Includes</strong></span></h3>\n<ul data-start=""1693"" data-end=""1768"">\n 	<li data-section-id=""1k83m2p"" data-start=""1693"" data-end=""1738"">✔️ 1 Quilted Bedcover (100<strong data-start=""1718"" data-end=""1737""> × 108 Inches</strong>)</li>\n 	<li data-section-id=""1xeboct"" data-start=""1739"" data-end=""1768"">✔️ 2 Matching Pillow Covers</li>\n</ul>",,,taxable,,1,,,0,1,2.2,40,40,8,1,,5999,11999,"Quilted Bedcovers.",,,"https://zafiroindio.com/wp-content/uploads/2026/07/13-13-scaled.jpg, https://zafiroindio.com/wp-content/uploads/2026/07/13-7-scaled.jpg, https://zafiroindio.com/wp-content/uploads/2026/07/13-10-scaled.jpg, https://zafiroindio.com/wp-content/uploads/2026/07/13-16-scaled.jpg, https://zafiroindio.com/wp-content/uploads/2026/07/13-2-scaled.jpg",,,,,,,,,0,,size,"100*108 Inches ( King Size )",1,1,
7834,simple,"BOTANICAL TRELLIS QUILTED-1",,"Verdant Bloom Quilted Bedcover Set 100x108 Inches.",1,1,visible,"<ul>\n 	<li data-section-id=""lqijuc"" data-start=""145"" data-end=""186""><strong>🎁 100% Mal Cotton | Cotton filling.</strong></li>\n 	<li data-section-id=""1dd4moi"" data-start=""251"" data-end=""307""><strong>❤️ Reversible Design | Premium Packing.</strong></li>\n 	<li><strong>👇 Shop Now ,Limited Stock.</strong></li>\n</ul>","<h2 class=""PDq2pG_selectionAnchorContainer"" data-section-id=""10tj8yu"" data-start=""172"" data-end=""215""><span role=""text""><strong data-start=""175"" data-end=""215"">Verdant Bloom </strong></span><span role=""text""><strong data-start=""175"" data-end=""215"">Handblock Quilted Bedcover</strong></span></h2>\n<p data-start=""216"" data-end=""268""><strong data-start=""216"" data-end=""268"">Premium Quilted Bedcover | Size: 100 × 108 Inches</strong></p>\n\n<h3 data-section-id=""1gh5l1n"" data-start=""270"" data-end=""297""><span role=""text""><strong data-start=""274"" data-end=""297"">Product Description</strong></span></h3>\n<p data-start=""299"" data-end=""705"">Transform your bedroom with the timeless elegance of the Verdant Bloom<strong data-start=""356"" data-end=""396""> Handblock Quilted Bedcover</strong>. Crafted from <strong data-start=""411"" data-end=""451"">premium 82×92 Pure Mal Cotton fabric</strong> and expertly <strong data-start=""465"" data-end=""512"">machine quilted with 220 GSM cotton filling</strong>, this bedcover offers exceptional softness, durability, and comfort. Featuring a beautiful handblock-inspired floral design, it adds a luxurious touch to both modern and traditional interiors.</p>\n\n<h3 data-section-id=""pm8yra"" data-start=""707"" data-end=""727""><span role=""text""><strong data-start=""711"" data-end=""727"">Key Features</strong></span></h3>\n<ul data-start=""729"" data-end=""1665"">\n 	<li data-section-id=""blahw"" data-start=""729"" data-end=""838"">🌸 <strong data-start=""734"" data-end=""774"">Premium 82×92 Pure Mal Cotton Fabric</strong> – Soft, breathable, durable, and made from high-quality cotton.</li>\n 	<li data-section-id=""1soavbu"" data-start=""839"" data-end=""922"">🪡 <strong data-start=""844"" data-end=""870"">220 GSM Cotton Filling</strong> – Provides lightweight warmth and superior comfort.</li>\n 	<li data-section-id=""2isizd"" data-start=""923"" data-end=""1022"">✨ <strong data-start=""927"" data-end=""953"">Machine Quilted Finish</strong> – Fine stitching ensures long-lasting durability and a premium look.</li>\n 	<li data-section-id=""17kc9j4"" data-start=""1023"" data-end=""1105"">🛏️ <strong data-start=""1029"" data-end=""1047"">Bedcover Size:</strong> 100<strong data-start=""1048"" data-end=""1067""> × 108 Inches</strong> – Ideal for Queen and King size beds.</li>\n 	<li data-section-id=""ye4hdq"" data-start=""1106"" data-end=""1200"">🎨 <strong data-start=""1111"" data-end=""1155"">Elegant Handblock-Inspired Floral Design</strong> – Adds timeless charm to your bedroom décor.</li>\n 	<li data-section-id=""dvhr6o"" data-start=""1201"" data-end=""1291"">🌿 <strong data-start=""1206"" data-end=""1230"">Soft &amp; Skin-Friendly</strong> – Comfortable for everyday use and suitable for all seasons.</li>\n 	<li data-section-id=""vkcyzx"" data-start=""1292"" data-end=""1390"">💪 <strong data-start=""1297"" data-end=""1329"">Premium Quality Construction</strong> – Designed to retain its shape and beauty after regular use.</li>\n 	<li data-section-id=""donchp"" data-start=""1391"" data-end=""1478"">🏡 <strong data-start=""1396"" data-end=""1435"">Perfect for Daily Use &amp; Guest Rooms</strong> – Blends comfort with sophisticated style.</li>\n 	<li data-section-id=""10oxw2n"" data-start=""1479"" data-end=""1580"">🎁 <strong data-start=""1484"" data-end=""1505"">A Thoughtful Gift</strong> – Ideal for weddings, housewarmings, anniversaries, and festive occasions.</li>\n 	<li data-section-id=""1uyx586"" data-start=""1581"" data-end=""1665"">🧺 <strong data-start=""1586"" data-end=""1599"">Easy Care</strong> – Machine washable on a gentle cycle for hassle-free maintenance.</li>\n</ul>\n<h3 data-section-id=""86evjn"" data-start=""1667"" data-end=""1691""><span role=""text""><strong data-start=""1671"" data-end=""1691"">Package Includes</strong></span></h3>\n<ul data-start=""1693"" data-end=""1768"">\n 	<li data-section-id=""1k83m2p"" data-start=""1693"" data-end=""1738"">✔️ 1 Quilted Bedcover (100<strong data-start=""1718"" data-end=""1737""> × 108 Inches</strong>)</li>\n 	<li data-section-id=""1xeboct"" data-start=""1739"" data-end=""1768"">✔️ 2 Matching Pillow Covers</li>\n</ul>",,,taxable,,1,,,0,1,2.2,40,40,8,1,,5999,11999,"Quilted Bedcovers.",,,"https://zafiroindio.com/wp-content/uploads/2026/07/12-14-scaled.jpg, https://zafiroindio.com/wp-content/uploads/2026/07/12-9-scaled.jpg, https://zafiroindio.com/wp-content/uploads/2026/07/12-12-scaled.jpg, https://zafiroindio.com/wp-content/uploads/2026/07/12-16-scaled.jpg, https://zafiroindio.com/wp-content/uploads/2026/07/12-5-scaled.jpg",,,,,,,,,0,,size,"100*108 Inches ( King Size )",1,1,
7838,simple,"BOTANICAL TRELLIS QUILTED-3",,"Olive Bloom Quilted Bedcover Set 100x108 Inches.",1,1,visible,"<ul>\n 	<li data-section-id=""lqijuc"" data-start=""145"" data-end=""186""><strong>🎁 100% Mal Cotton | Cotton filling.</strong></li>\n 	<li data-section-id=""1dd4moi"" data-start=""251"" data-end=""307""><strong>❤️ Reversible Design | Premium Packing.</strong></li>\n 	<li><strong>👇 Shop Now ,Limited Stock.</strong></li>\n</ul>","<h2 class=""PDq2pG_selectionAnchorContainer"" data-section-id=""10tj8yu"" data-start=""172"" data-end=""215""><span role=""text""><strong data-start=""175"" data-end=""215"">Olive Bloom Handblock Quilted Bedcover</strong></span></h2>\n<p data-start=""216"" data-end=""268""><strong data-start=""216"" data-end=""268"">Premium Quilted Bedcover | Size: 100 × 108 Inches</strong></p>\n\n<h3 data-section-id=""1gh5l1n"" data-start=""270"" data-end=""297""><span role=""text""><strong data-start=""274"" data-end=""297"">Product Description</strong></span></h3>\n<p data-start=""299"" data-end=""705"">Transform your bedroom with the timeless elegance of the olive Bloom<strong data-start=""356"" data-end=""396""> Handblock Quilted Bedcover</strong>. Crafted from <strong data-start=""411"" data-end=""451"">premium 82×92 Pure Mal Cotton fabric</strong> and expertly <strong data-start=""465"" data-end=""512"">machine quilted with 220 GSM cotton filling</strong>, this bedcover offers exceptional softness, durability, and comfort. Featuring a beautiful handblock-inspired floral design, it adds a luxurious touch to both modern and traditional interiors.</p>\n\n<h3 data-section-id=""pm8yra"" data-start=""707"" data-end=""727""><span role=""text""><strong data-start=""711"" data-end=""727"">Key Features</strong></span></h3>\n<ul data-start=""729"" data-end=""1665"">\n 	<li data-section-id=""blahw"" data-start=""729"" data-end=""838"">🌸 <strong data-start=""734"" data-end=""774"">Premium 82×92 Pure Mal Cotton Fabric</strong> – Soft, breathable, durable, and made from high-quality cotton.</li>\n 	<li data-section-id=""1soavbu"" data-start=""839"" data-end=""922"">🪡 <strong data-start=""844"" data-end=""870"">220 GSM Cotton Filling</strong> – Provides lightweight warmth and superior comfort.</li>\n 	<li data-section-id=""2isizd"" data-start=""923"" data-end=""1022"">✨ <strong data-start=""927"" data-end=""953"">Machine Quilted Finish</strong> – Fine stitching ensures long-lasting durability and a premium look.</li>\n 	<li data-section-id=""17kc9j4"" data-start=""1023"" data-end=""1105"">🛏️ <strong data-start=""1029"" data-end=""1047"">Bedcover Size:</strong> 100<strong data-start=""1048"" data-end=""1067""> × 108 Inches</strong> – Ideal for Queen and King size beds.</li>\n 	<li data-section-id=""ye4hdq"" data-start=""1106"" data-end=""1200"">🎨 <strong data-start=""1111"" data-end=""1155"">Elegant Handblock-Inspired Floral Design</strong> – Adds timeless charm to your bedroom décor.</li>\n 	<li data-section-id=""dvhr6o"" data-start=""1201"" data-end=""1291"">🌿 <strong data-start=""1206"" data-end=""1230"">Soft &amp; Skin-Friendly</strong> – Comfortable for everyday use and suitable for all seasons.</li>\n 	<li data-section-id=""vkcyzx"" data-start=""1292"" data-end=""1390"">💪 <strong data-start=""1297"" data-end=""1329"">Premium Quality Construction</strong> – Designed to retain its shape and beauty after regular use.</li>\n 	<li data-section-id=""donchp"" data-start=""1391"" data-end=""1478"">🏡 <strong data-start=""1396"" data-end=""1435"">Perfect for Daily Use &amp; Guest Rooms</strong> – Blends comfort with sophisticated style.</li>\n 	<li data-section-id=""10oxw2n"" data-start=""1479"" data-end=""1580"">🎁 <strong data-start=""1484"" data-end=""1505"">A Thoughtful Gift</strong> – Ideal for weddings, housewarmings, anniversaries, and festive occasions.</li>\n 	<li data-section-id=""1uyx586"" data-start=""1581"" data-end=""1665"">🧺 <strong data-start=""1586"" data-end=""1599"">Easy Care</strong> – Machine washable on a gentle cycle for hassle-free maintenance.</li>\n</ul>\n<h3 data-section-id=""86evjn"" data-start=""1667"" data-end=""1691""><span role=""text""><strong data-start=""1671"" data-end=""1691"">Package Includes</strong></span></h3>\n<ul data-start=""1693"" data-end=""1768"">\n 	<li data-section-id=""1k83m2p"" data-start=""1693"" data-end=""1738"">✔️ 1 Quilted Bedcover (100 <strong data-start=""1718"" data-end=""1737"">× 108 Inches</strong>)</li>\n 	<li data-section-id=""1xeboct"" data-start=""1739"" data-end=""1768"">✔️ 2 Matching Pillow Covers</li>\n</ul>",,,taxable,,1,,,0,1,2.2,40,40,5,1,,5999,11999,"Quilted Bedcovers.",,,"https://zafiroindio.com/wp-content/uploads/2026/07/10-16-scaled.jpg, https://zafiroindio.com/wp-content/uploads/2026/07/10-7-scaled.jpg, https://zafiroindio.com/wp-content/uploads/2026/07/10-11-scaled.jpg, https://zafiroindio.com/wp-content/uploads/2026/07/10-19-scaled.jpg, https://zafiroindio.com/wp-content/uploads/2026/07/10-3-scaled.jpg",,,,,,,,,0,,size,"100*108 Inches ( King Size )",1,1,
7840,simple,"BOTANICAL TRELLIS QUILTED-4",,"Garden Bloom Quilted Bedcover Set 100x108 Inches.",1,1,visible,"<ul>\n 	<li data-section-id=""lqijuc"" data-start=""145"" data-end=""186""><strong>🎁 100% Mal Cotton | Cotton filling.</strong></li>\n 	<li data-section-id=""1dd4moi"" data-start=""251"" data-end=""307""><strong>❤️ Reversible Design | Premium Packing.</strong></li>\n 	<li><strong>👇 Shop Now ,Limited Stock.</strong></li>\n</ul>","<h2 class=""PDq2pG_selectionAnchorContainer"" data-section-id=""10tj8yu"" data-start=""172"" data-end=""215""><span role=""text""><strong data-start=""175"" data-end=""215"">Garden Bloom Handblock Quilted Bedcover</strong></span></h2>\n<p data-start=""216"" data-end=""268""><strong data-start=""216"" data-end=""268"">Premium Quilted Bedcover | Size: 100 × 108 Inches</strong></p>\n\n<h3 data-section-id=""1gh5l1n"" data-start=""270"" data-end=""297""><span role=""text""><strong data-start=""274"" data-end=""297"">Product Description</strong></span></h3>\n<p data-start=""299"" data-end=""705"">Transform your bedroom with the timeless elegance of the garden Bloom<strong data-start=""356"" data-end=""396""> Handblock Quilted Bedcover</strong>. Crafted from <strong data-start=""411"" data-end=""451"">premium 82×92 Pure Mal Cotton fabric</strong> and expertly <strong data-start=""465"" data-end=""512"">machine quilted with 220 GSM cotton filling</strong>, this bedcover offers exceptional softness, durability, and comfort. Featuring a beautiful handblock-inspired floral design, it adds a luxurious touch to both modern and traditional interiors.</p>\n\n<h3 data-section-id=""pm8yra"" data-start=""707"" data-end=""727""><span role=""text""><strong data-start=""711"" data-end=""727"">Key Features</strong></span></h3>\n<ul data-start=""729"" data-end=""1665"">\n 	<li data-section-id=""blahw"" data-start=""729"" data-end=""838"">🌸 <strong data-start=""734"" data-end=""774"">Premium 82×92 Pure Mal Cotton Fabric</strong> – Soft, breathable, durable, and made from high-quality cotton.</li>\n 	<li data-section-id=""1soavbu"" data-start=""839"" data-end=""922"">🪡 <strong data-start=""844"" data-end=""870"">220 GSM Cotton Filling</strong> – Provides lightweight warmth and superior comfort.</li>\n 	<li data-section-id=""2isizd"" data-start=""923"" data-end=""1022"">✨ <strong data-start=""927"" data-end=""953"">Machine Quilted Finish</strong> – Fine stitching ensures long-lasting durability and a premium look.</li>\n 	<li data-section-id=""17kc9j4"" data-start=""1023"" data-end=""1105"">🛏️ <strong data-start=""1029"" data-end=""1047"">Bedcover Size:</strong> 100 <strong data-start=""1048"" data-end=""1067"">× 108 Inches</strong> – Ideal for Queen and King size beds.</li>\n 	<li data-section-id=""ye4hdq"" data-start=""1106"" data-end=""1200"">🎨 <strong data-start=""1111"" data-end=""1155"">Elegant Handblock-Inspired Floral Design</strong> – Adds timeless charm to your bedroom décor.</li>\n 	<li data-section-id=""dvhr6o"" data-start=""1201"" data-end=""1291"">🌿 <strong data-start=""1206"" data-end=""1230"">Soft &amp; Skin-Friendly</strong> – Comfortable for everyday use and suitable for all seasons.</li>\n 	<li data-section-id=""vkcyzx"" data-start=""1292"" data-end=""1390"">💪 <strong data-start=""1297"" data-end=""1329"">Premium Quality Construction</strong> – Designed to retain its shape and beauty after regular use.</li>\n 	<li data-section-id=""donchp"" data-start=""1391"" data-end=""1478"">🏡 <strong data-start=""1396"" data-end=""1435"">Perfect for Daily Use &amp; Guest Rooms</strong> – Blends comfort with sophisticated style.</li>\n 	<li data-section-id=""10oxw2n"" data-start=""1479"" data-end=""1580"">🎁 <strong data-start=""1484"" data-end=""1505"">A Thoughtful Gift</strong> – Ideal for weddings, housewarmings, anniversaries, and festive occasions.</li>\n 	<li data-section-id=""1uyx586"" data-start=""1581"" data-end=""1665"">🧺 <strong data-start=""1586"" data-end=""1599"">Easy Care</strong> – Machine washable on a gentle cycle for hassle-free maintenance.</li>\n</ul>\n<h3 data-section-id=""86evjn"" data-start=""1667"" data-end=""1691""><span role=""text""><strong data-start=""1671"" data-end=""1691"">Package Includes</strong></span></h3>\n<ul data-start=""1693"" data-end=""1768"">\n 	<li data-section-id=""1k83m2p"" data-start=""1693"" data-end=""1738"">✔️ 1 Quilted Bedcover (<strong data-start=""1718"" data-end=""1737"">95 × 108 Inches</strong>)</li>\n 	<li data-section-id=""1xeboct"" data-start=""1739"" data-end=""1768"">✔️ 2 Matching Pillow Covers</li>\n</ul>",,,taxable,,1,,,0,1,2.2,40,40,5,1,,5999,11999,"Quilted Bedcovers.",,,"https://zafiroindio.com/wp-content/uploads/2026/07/7-14-scaled.jpg, https://zafiroindio.com/wp-content/uploads/2026/07/7-7-scaled.jpg, https://zafiroindio.com/wp-content/uploads/2026/07/7-11-scaled.jpg, https://zafiroindio.com/wp-content/uploads/2026/07/7-16-scaled.jpg, https://zafiroindio.com/wp-content/uploads/2026/07/7-3-scaled.jpg",,,,,,,,,0,,size,"100*108 Inches ( King Size )",1,1,
7883,variation,VINCARUNSET6,,"Vinca Handblock Table Runner with Placemats - 6 Seater",1,0,visible,,"Includes 1 Runner with 6 placemats.",,,taxable,parent,1,,,0,0,0.5,10,10,2,0,,1199,1999,,,,,,,VINCARUNSET,,,,,,1,,size,"6 Seater",,1,
7884,variation,VINCARUNSET8,,"Vinca Handblock Table Runner with Placemats - 8 Seater",1,0,visible,,"Includes 1 Runner with 8 placemats.",,,taxable,parent,1,,,0,0,0.5,10,10,3,0,,1499,2299,,,,,,,VINCARUNSET,,,,,,2,,size,"8 Seater",,1,
7885,variation,,,"Teal Handblock Table Runner with Placemats. - 6 Seater",1,0,visible,,"Includes 1 Runner with 6 Placemats.",,,taxable,parent,1,,,0,0,0.5,10,10,2,0,,1199,1999,,,,,,,TEALRUNSET,,,,,,1,,size,"6 Seater",,1,
7886,variation,,,"Teal Handblock Table Runner with Placemats. - 8 Seater",1,0,visible,,"Includes 1 Runner with 8 Placemats.",,,taxable,parent,1,,,0,0,,,,,0,,1499,2299,,,,,,,TEALRUNSET,,,,,,2,,size,"8 Seater",,1,
7890,variation,GLORYRUNSET6,,"Glory Handblock Table Runner with Placemats - 6 Seater",1,0,visible,,"Includes 1 Runner with 6 Placemats.",,,taxable,parent,1,,,0,0,,,,,0,,1199,1999,,,,,,,"GLORY RUN SET",,,,,,1,,size,"6 Seater",,1,
7891,variation,GLORYRUNSET8,,"Glory Handblock Table Runner with Placemats - 8 Seater",1,0,visible,,"Includes 1 Runner with 8 Placemats.",,,taxable,parent,1,,,0,0,,,,,0,,1499,2299,,,,,,,"GLORY RUN SET",,,,,,2,,size,"8 Seater",,1,
7892,variation,OAKRUNSET6,,"Oak Handblock Table Runner with Placemats - 6 Seater",1,0,visible,,"Includes 1 Runner with 6 Placemats.",,,taxable,parent,1,,,0,0,,,,,0,,1199,1999,,,,,,,OAKRUNSET,,,,,,1,,size,"6 Seater",,1,
7893,variation,OAKRUNSET8,,"Oak Handblock Table Runner with Placemats - 8 Seater",1,0,visible,,"Includes 1 Runner with 8 Placemats.",,,taxable,parent,1,,,0,0,,,,,0,,1499,2299,,,,,,,OAKRUNSET,,,,,,2,,size,"8 Seater",,1,
7894,variation,LILYRUNSET6,,"Lily Handblock Table Runner with Placemats - 6 Seater",1,0,visible,,"Includes 1 Runner with 6 Placemats.",,,taxable,parent,1,,,0,0,,,,,0,,1199,1999,,,,,,,LILYRUNSET,,,,,,1,,size,"6 Seater",,1,
7895,variation,LILYRUNSET8,,"Lily Handblock Table Runner with Placemats - 8 Seater",1,0,visible,,"Includes 1 Runner with 8 Placemats.",,,taxable,parent,1,,,0,0,,,,,0,,1499,2299,,,,,,,LILYRUNSET,,,,,,2,,size,"8 Seater",,1,
7896,variation,MOCHARUNSET6,,"Mocha Handblock Table Runner with Placemats - 6 Seater",1,0,visible,,"Includes 1 Runner with 6 Placemats.",,,taxable,parent,1,,,0,0,,,,,0,,1199,1999,,,,,,,MOCHARUNSET,,,,,,1,,size,"6 Seater",,1,
7897,variation,MOCHARUNSET8,,"Mocha Handblock Table Runner with Placemats - 8 Seater",1,0,visible,,"Includes 1 Runner with 8 Placemats.",,,taxable,parent,1,,,0,0,,,,,0,,1499,2299,,,,,,,MOCHARUNSET,,,,,,2,,size,"8 Seater",,1,
7899,variation,ALPHARUNSET6,,"Alpha Handblock Table Runner with Placemats - 6 Seater",1,0,visible,,"Includes 1 Runner with 6 Placemats.",,,taxable,parent,1,,,0,0,,,,,0,,1199,1999,,,,,,,ALPHARUNSET,,,,,,1,,size,"6 Seater",,1,
7900,variation,ALPHARUNSET8,,"Alpha Handblock Table Runner with Placemats - 8 Seater",1,0,visible,,"Includes 1 Runner with 8 Placemats.",,,taxable,parent,1,,,0,0,,,,,0,,1499,2299,,,,,,,ALPHARUNSET,,,,,,2,,size,"8 Seater",,1,
7902,variation,CORALRUNSET6,,"Coral Handblock Table Runner with Placemats - 6 Seater",1,0,visible,,"Includes 1 Runner with 6 Placemats.",,,taxable,parent,1,,,0,0,,,,,0,,1199,1999,,,,,,,"CORAL RUN SET",,,,,,1,,size,"6 Seater",,1,
7903,variation,CORALRUNSET8,,"Coral Handblock Table Runner with Placemats - 8 Seater",1,0,visible,,"Includes 1 Runner with 8 Placemats.",,,taxable,parent,1,,,0,0,,,,,0,,1499,2299,,,,,,,"CORAL RUN SET",,,,,,2,,size,"8 Seater",,1,
7904,variation,PETALRUNSET6,,"Petal Handblock Table Runner with Placemats - 6 Seater",1,0,visible,,"Includes 1 Runner with 6 Placemats.",,,taxable,parent,1,,,0,0,,,,,0,,1199,1999,,,,,,,PETALRUNSET,,,,,,1,,size,"6 Seater",,1,
7905,variation,PETALRUNSET8,,"Petal Handblock Table Runner with Placemats - 8 Seater",1,0,visible,,"Includes 1 Runner with 8 Placemats.",,,taxable,parent,1,,,0,0,,,,,0,,1499,2299,,,,,,,PETALRUNSET,,,,,,2,,size,"8 Seater",,1,
7906,variation,LUXRUNSET6,,"Lux Handblock Table Runner with Placemats - 6 Seater",1,0,visible,,"Includes 1 Runner with 6 Placemats.",,,taxable,parent,1,,,0,0,,,,,0,,1199,1999,,,,,,,LUXRUNSET,,,,,,1,,size,"6 Seater",,1,
7907,variation,LUXRUNSET8,,"Lux Handblock Table Runner with Placemats - 8 Seater",1,0,visible,,"Includes 1 Runner with 8 Placemats.",,,taxable,parent,1,,,0,0,,,,,0,,1499,2299,,,,,,,LUXRUNSET,,,,,,2,,size,"8 Seater",,1,
7908,variation,MEADOWRUNSET6,,"Meadow Handblock Table Runner with Placemats - 6 Seater",1,0,visible,,"Includes 1 Runner with 6 Placemats.",,,taxable,parent,1,,,0,0,,,,,0,,1199,1999,,,,,,,MEADOWRUNSET,,,,,,1,,size,"6 Seater",,1,
7909,variation,MEADOWRUNSET8,,"Meadow Handblock Table Runner with Placemats - 8 Seater",1,0,visible,,"Includes 1 Runner with 8 Placemats.",,,taxable,parent,1,,,0,0,,,,,0,,1499,2299,,,,,,,MEADOWRUNSET,,,,,,2,,size,"8 Seater",,1,
7911,variation,ARCHRUNSET6,,"Arch Handblock Table Runner with Placemats - 6 Seater",1,0,visible,,"Includes 1 Runner with 6 Placemats.",,,taxable,parent,1,,,0,0,,,,,0,,1199,1999,,,,,,,ARCHRUNSET,,,,,,1,,size,"6 Seater",,1,
7912,variation,ARCHRUNSET8,,"Arch Handblock Table Runner with Placemats - 8 Seater",1,0,visible,,"Includes 1 Runner with 8 Placemats.",,,taxable,parent,1,,,0,0,,,,,0,,1499,2299,,,,,,,ARCHRUNSET,,,,,,2,,size,"8 Seater",,1,
8022,variable,CAMILIARUNSET,,"Camilia Handblock Table Runner with Placemats",1,0,visible,"<ul>\n 	<li data-section-id=""lmnzoi"" data-start=""62"" data-end=""104"">🍽️ Available for <strong>4 , 6 &amp; 8 Seater Tables.</strong></li>\n 	<li data-section-id=""1do4mxk"" data-start=""139"" data-end=""185"">🎨 <strong data-start=""144"" data-end=""185""> 100% Canvas Cotton | Anti Slip.</strong></li>\n 	<li data-section-id=""1rjp3pc"" data-start=""347"" data-end=""374"">🔄 <strong data-start=""352"" data-end=""374"">Easy 7-Day Returns.</strong></li>\n</ul>","<h1 class=""PDq2pG_selectionAnchorContainer"" data-section-id=""19s6do"" data-start=""0"" data-end=""66""><span role=""text""><strong data-start=""2"" data-end=""66"">Premium Handblock Table Runner Set with Matching Placemats</strong></span></h1>\n<p data-start=""68"" data-end=""458"">Elevate your dining experience with our beautifully handcrafted <strong data-start=""132"" data-end=""170"">Handblock Printed Table Runner Set</strong>, designed to bring timeless elegance to every meal. Made from premium-quality cotton, each piece is carefully hand-printed by skilled artisans, making every set unique. Whether it's for everyday dining or special gatherings, this set adds warmth, charm, and sophistication to your table.</p>\n\n<h3 data-section-id=""o9mgun"" data-start=""460"" data-end=""483""><span role=""text""><strong data-start=""464"" data-end=""483"">Product Details</strong></span></h3>\n<ul data-start=""484"" data-end=""793"">\n 	<li data-section-id=""1ari6v1"" data-start=""484"" data-end=""544"">🌿 <strong data-start=""489"" data-end=""506"">Set Includes:</strong> 1 Table Runner + Matching Placemats</li>\n 	<li data-section-id=""107kvoh"" data-start=""545"" data-end=""591"">📏 <strong data-start=""550"" data-end=""572"">Table Runner Size:</strong> <strong data-start=""573"" data-end=""591"">13 × 72 Inches</strong></li>\n 	<li data-section-id=""12t5s9s"" data-start=""592"" data-end=""641"">📏 <strong data-start=""597"" data-end=""615"">Placemat Size:</strong> <strong data-start=""616"" data-end=""634"">14 × 22 Inches</strong> (Each)</li>\n 	<li data-section-id=""lfxmvd"" data-start=""642"" data-end=""683"">🧵 <strong data-start=""647"" data-end=""660"">Material:</strong> Premium Quality Cotton</li>\n 	<li data-section-id=""1wicgy"" data-start=""684"" data-end=""728"">🎨 <strong data-start=""689"" data-end=""699"">Craft:</strong> Authentic Handblock Printing</li>\n 	<li data-section-id=""17mftni"" data-start=""729"" data-end=""793"">🏡 Perfect for Dining Tables, Family Meals &amp; Special Occasions</li>\n</ul>\n<h3 data-section-id=""1crtl6g"" data-start=""1352"" data-end=""1377""><span role=""text""><strong data-start=""1356"" data-end=""1377"">Care Instructions</strong></span></h3>\n<ul data-start=""1378"" data-end=""1562"">\n 	<li data-section-id=""1scqryz"" data-start=""1378"" data-end=""1431"">Hand wash or machine wash separately in cold water.</li>\n 	<li data-section-id=""1e12h1u"" data-start=""1432"" data-end=""1455"">Use a mild detergent.</li>\n 	<li data-section-id=""ylovrt"" data-start=""1456"" data-end=""1472"">Do not bleach.</li>\n 	<li data-section-id=""1jq8cf0"" data-start=""1473"" data-end=""1520"">Dry in shade to preserve the handblock print.</li>\n 	<li data-section-id=""myobyp"" data-start=""1521"" data-end=""1562"">Iron on low to medium heat if required.</li>\n</ul>\n<h3 data-section-id=""13s9ksu"" data-start=""1564"" data-end=""1596""><span role=""text""><strong data-start=""1568"" data-end=""1596"">Why Choose Zafiro Indio?</strong></span></h3>\n<p data-start=""1597"" data-end=""1890"" data-is-last-node="""" data-is-only-node="""">At <strong data-start=""1600"" data-end=""1616"">Zafiro Indio</strong>, every product is thoughtfully crafted to celebrate India's rich handblock printing heritage while bringing premium quality and timeless elegance to your home. Each piece is handcrafted with care, ensuring exceptional craftsmanship and lasting beauty for your dining space.</p>",,,taxable,,1,,,0,0,0.5,10,10,2,1,,,,"Runner & Table Mats.",,,"https://zafiroindio.com/wp-content/uploads/2026/07/14.png, https://zafiroindio.com/wp-content/uploads/2026/07/product_In-use_tablescape_8.png",,,,,,,,,0,,size,"4 Seater, 6 Seater, 8 Seater",1,1,"4 Seater"
8023,variation,CAMILIARUNSET6,,"Camilia Handblock Table Runner with Placemats - 6 Seater",1,0,visible,,"Includes 1 Runner with 6 Placemats.",,,taxable,parent,1,,,0,0,,,,,0,,1199,1999,,,,,,,CAMILIARUNSET,,,,,,1,,size,"6 Seater",,1,
8024,variation,CAMILIARUNSET8,,"Camilia Handblock Table Runner with Placemats - 8 Seater",1,0,visible,,"Includes 1 Runner with 8 Placemats.",,,taxable,parent,1,,,0,0,,,,,0,,1499,2299,,,,,,,CAMILIARUNSET,,,,,,2,,size,"8 Seater",,1,
8027,variable,ARCHIERUNSET,,"Blossom Handblock Table Runner with Placemats",1,1,visible,"<ul>\n 	<li data-section-id=""lmnzoi"" data-start=""62"" data-end=""104"">🍽️ Available for <strong>4 , 6 &amp; 8 Seater Tables.</strong></li>\n 	<li data-section-id=""1do4mxk"" data-start=""139"" data-end=""185"">🎨 <strong data-start=""144"" data-end=""185""> 100% Canvas Cotton | Anti Slip.</strong></li>\n 	<li data-section-id=""1rjp3pc"" data-start=""347"" data-end=""374"">🔄 <strong data-start=""352"" data-end=""374"">Easy 7-Day Returns.</strong></li>\n</ul>","<h1 class=""PDq2pG_selectionAnchorContainer"" data-section-id=""19s6do"" data-start=""0"" data-end=""66""><span role=""text""><strong data-start=""2"" data-end=""66"">Premium Handblock Table Runner Set with Matching Placemats</strong></span></h1>\n<p data-start=""68"" data-end=""458"">Elevate your dining experience with our beautifully handcrafted <strong data-start=""132"" data-end=""170"">Handblock Printed Table Runner Set</strong>, designed to bring timeless elegance to every meal. Made from premium-quality cotton, each piece is carefully hand-printed by skilled artisans, making every set unique. Whether it's for everyday dining or special gatherings, this set adds warmth, charm, and sophistication to your table.</p>\n\n<h3 data-section-id=""o9mgun"" data-start=""460"" data-end=""483""><span role=""text""><strong data-start=""464"" data-end=""483"">Product Details</strong></span></h3>\n<ul data-start=""484"" data-end=""793"">\n 	<li data-section-id=""1ari6v1"" data-start=""484"" data-end=""544"">🌿 <strong data-start=""489"" data-end=""506"">Set Includes:</strong> 1 Table Runner + Matching Placemats</li>\n 	<li data-section-id=""107kvoh"" data-start=""545"" data-end=""591"">📏 <strong data-start=""550"" data-end=""572"">Table Runner Size:</strong> <strong data-start=""573"" data-end=""591"">13 × 72 Inches</strong></li>\n 	<li data-section-id=""12t5s9s"" data-start=""592"" data-end=""641"">📏 <strong data-start=""597"" data-end=""615"">Placemat Size:</strong> <strong data-start=""616"" data-end=""634"">14 × 22 Inches</strong> (Each)</li>\n 	<li data-section-id=""lfxmvd"" data-start=""642"" data-end=""683"">🧵 <strong data-start=""647"" data-end=""660"">Material:</strong> Premium Quality Cotton</li>\n 	<li data-section-id=""1wicgy"" data-start=""684"" data-end=""728"">🎨 <strong data-start=""689"" data-end=""699"">Craft:</strong> Authentic Handblock Printing</li>\n 	<li data-section-id=""17mftni"" data-start=""729"" data-end=""793"">🏡 Perfect for Dining Tables, Family Meals &amp; Special Occasions</li>\n</ul>\n<h3 data-section-id=""1crtl6g"" data-start=""1352"" data-end=""1377""><span role=""text""><strong data-start=""1356"" data-end=""1377"">Care Instructions</strong></span></h3>\n<ul data-start=""1378"" data-end=""1562"">\n 	<li data-section-id=""1scqryz"" data-start=""1378"" data-end=""1431"">Hand wash or machine wash separately in cold water.</li>\n 	<li data-section-id=""1e12h1u"" data-start=""1432"" data-end=""1455"">Use a mild detergent.</li>\n 	<li data-section-id=""ylovrt"" data-start=""1456"" data-end=""1472"">Do not bleach.</li>\n 	<li data-section-id=""1jq8cf0"" data-start=""1473"" data-end=""1520"">Dry in shade to preserve the handblock print.</li>\n 	<li data-section-id=""myobyp"" data-start=""1521"" data-end=""1562"">Iron on low to medium heat if required.</li>\n</ul>\n<h3 data-section-id=""13s9ksu"" data-start=""1564"" data-end=""1596""><span role=""text""><strong data-start=""1568"" data-end=""1596"">Why Choose Zafiro Indio?</strong></span></h3>\n<p data-start=""1597"" data-end=""1890"" data-is-last-node="""" data-is-only-node="""">At <strong data-start=""1600"" data-end=""1616"">Zafiro Indio</strong>, every product is thoughtfully crafted to celebrate India's rich handblock printing heritage while bringing premium quality and timeless elegance to your home. Each piece is handcrafted with care, ensuring exceptional craftsmanship and lasting beauty for your dining space.</p>",,,taxable,,1,,,0,0,0.5,10,10,2,1,,,,"Runner & Table Mats.",,,"https://zafiroindio.com/wp-content/uploads/2026/07/15.png, https://zafiroindio.com/wp-content/uploads/2026/07/product_Styled_dining_setup_6.png",,,,,,"ARCHRUNSET6, CORAL RUN SET",,,0,,size,"4 Seater, 6 Seater, 8 Seater",1,1,"4 Seater"
8028,variation,BLOSSOMRUNSET6,,"Blossom Handblock Table Runner with Placemats - 6 Seater",1,0,visible,,"Includes 1 Runner with 6 Placemats.",,,taxable,parent,1,,,0,0,,,,,0,,1199,1999,,,,,,,ARCHIERUNSET,,,"ARCHRUNSET6, CORAL RUN SET",,,1,,size,"6 Seater",,1,
8029,variation,BLOSSOMRUNSET8,,"Blossom Handblock Table Runner with Placemats - 8 Seater",1,0,visible,,"Includes 1 Runner with 8 Placemats.",,,taxable,parent,1,,,0,0,,,,,0,,1499,2299,,,,,,,ARCHIERUNSET,,,"ARCHRUNSET6, CORAL RUN SET",,,2,,size,"8 Seater",,1,
8392,simple,"BOTANICAL TRELLIS QUILTED-2-1",,"Blush Bloom Quilted Bedcover Set 100x108 Inches.",1,1,visible,"<ul>\n 	<li data-section-id=""lqijuc"" data-start=""145"" data-end=""186""><strong>🎁 100% Mal Cotton | Cotton filling.</strong></li>\n 	<li data-section-id=""1dd4moi"" data-start=""251"" data-end=""307""><strong>❤️ Reversible Design | Premium Packing.</strong></li>\n 	<li><strong>👇 Shop Now ,Limited Stock.</strong></li>\n</ul>","<h2 class=""PDq2pG_selectionAnchorContainer"" data-section-id=""10tj8yu"" data-start=""172"" data-end=""215""><span role=""text""><strong data-start=""175"" data-end=""215"">Blush Bloom Handblock Quilted Bedcover</strong></span></h2>\n<p data-start=""216"" data-end=""268""><strong data-start=""216"" data-end=""268"">Premium Quilted Bedcover | Size: 100 × 108 Inches</strong></p>\n\n<h3 data-section-id=""1gh5l1n"" data-start=""270"" data-end=""297""><span role=""text""><strong data-start=""274"" data-end=""297"">Product Description</strong></span></h3>\n<p data-start=""299"" data-end=""705"">Transform your bedroom with the timeless elegance of the blush Bloom<strong data-start=""356"" data-end=""396""> Handblock Quilted Bedcover</strong>. Crafted from <strong data-start=""411"" data-end=""451"">premium 82×92 Pure Mal Cotton fabric</strong> and expertly <strong data-start=""465"" data-end=""512"">machine quilted with 220 GSM cotton filling</strong>, this bedcover offers exceptional softness, durability, and comfort. Featuring a beautiful handblock-inspired floral design, it adds a luxurious touch to both modern and traditional interiors.</p>\n\n<h3 data-section-id=""pm8yra"" data-start=""707"" data-end=""727""><span role=""text""><strong data-start=""711"" data-end=""727"">Key Features</strong></span></h3>\n<ul data-start=""729"" data-end=""1665"">\n 	<li data-section-id=""blahw"" data-start=""729"" data-end=""838"">🌸 <strong data-start=""734"" data-end=""774"">Premium 82×92 Pure Mal Cotton Fabric</strong> – Soft, breathable, durable, and made from high-quality cotton.</li>\n 	<li data-section-id=""1soavbu"" data-start=""839"" data-end=""922"">🪡 <strong data-start=""844"" data-end=""870"">220 GSM Cotton Filling</strong> – Provides lightweight warmth and superior comfort.</li>\n 	<li data-section-id=""2isizd"" data-start=""923"" data-end=""1022"">✨ <strong data-start=""927"" data-end=""953"">Machine Quilted Finish</strong> – Fine stitching ensures long-lasting durability and a premium look.</li>\n 	<li data-section-id=""17kc9j4"" data-start=""1023"" data-end=""1105"">🛏️ <strong data-start=""1029"" data-end=""1047"">Bedcover Size:</strong> 100 <strong data-start=""1048"" data-end=""1067"">× 108 Inches</strong> – Ideal for Queen and King size beds.</li>\n 	<li data-section-id=""ye4hdq"" data-start=""1106"" data-end=""1200"">🎨 <strong data-start=""1111"" data-end=""1155"">Elegant Handblock-Inspired Floral Design</strong> – Adds timeless charm to your bedroom décor.</li>\n 	<li data-section-id=""dvhr6o"" data-start=""1201"" data-end=""1291"">🌿 <strong data-start=""1206"" data-end=""1230"">Soft &amp; Skin-Friendly</strong> – Comfortable for everyday use and suitable for all seasons.</li>\n 	<li data-section-id=""vkcyzx"" data-start=""1292"" data-end=""1390"">💪 <strong data-start=""1297"" data-end=""1329"">Premium Quality Construction</strong> – Designed to retain its shape and beauty after regular use.</li>\n 	<li data-section-id=""donchp"" data-start=""1391"" data-end=""1478"">🏡 <strong data-start=""1396"" data-end=""1435"">Perfect for Daily Use &amp; Guest Rooms</strong> – Blends comfort with sophisticated style.</li>\n 	<li data-section-id=""10oxw2n"" data-start=""1479"" data-end=""1580"">🎁 <strong data-start=""1484"" data-end=""1505"">A Thoughtful Gift</strong> – Ideal for weddings, housewarmings, anniversaries, and festive occasions.</li>\n 	<li data-section-id=""1uyx586"" data-start=""1581"" data-end=""1665"">🧺 <strong data-start=""1586"" data-end=""1599"">Easy Care</strong> – Machine washable on a gentle cycle for hassle-free maintenance.</li>\n</ul>\n<h3 data-section-id=""86evjn"" data-start=""1667"" data-end=""1691""><span role=""text""><strong data-start=""1671"" data-end=""1691"">Package Includes</strong></span></h3>\n<ul data-start=""1693"" data-end=""1768"">\n 	<li data-section-id=""1k83m2p"" data-start=""1693"" data-end=""1738"">✔️ 1 Quilted Bedcover (100<strong data-start=""1718"" data-end=""1737""> × 108 Inches</strong>)</li>\n 	<li data-section-id=""1xeboct"" data-start=""1739"" data-end=""1768"">✔️ 2 Matching Pillow Covers</li>\n</ul>",,,taxable,,1,,,0,1,2.2,40,40,8,1,,5999,11999,"Quilted Bedcovers.",,,"https://zafiroindio.com/wp-content/uploads/2026/07/11-14-scaled.jpg, https://zafiroindio.com/wp-content/uploads/2026/07/11-8-scaled.jpg, https://zafiroindio.com/wp-content/uploads/2026/07/11-11-scaled.jpg, https://zafiroindio.com/wp-content/uploads/2026/07/11-18-scaled.jpg, https://zafiroindio.com/wp-content/uploads/2026/07/11-3-scaled.jpg",,,,,,,,,0,,size,"100*108 Inches ( King Size )",1,1,
9009,variation,BLOSSOMRUNSET4,,"Blossom Handblock Table Runner with Placemats - 4 Seater",1,0,visible,,"Includes 1 Runner with 4 Placemats.",,,taxable,parent,1,,,0,0,0.5,,,,0,,999,1499,,,,,,,ARCHIERUNSET,,,"ARCHRUNSET6, CORAL RUN SET",,,0,,size,"4 Seater",,1,
9010,variation,CAMILIARUNSET4,,"Camilia Handblock Table Runner with Placemats - 4 Seater",1,0,visible,,"Includes 1 Runner with 4 Placemats.",,,taxable,parent,1,,,0,0,,,,,0,,999,1499,,,,,,,CAMILIARUNSET,,,,,,0,,size,"4 Seater",,1,
9011,variation,VINCARUNSET4,,"Vinca Handblock Table Runner with Placemats - 4 Seater",1,0,visible,,"Includes 1 Runner with 4 Placemats.",,,taxable,parent,1,,,0,0,,,,,0,,999,1499,,,,,,,VINCARUNSET,,,,,,0,,size,"4 Seater",,1,
9012,variation,TEALRUNSET4,,"Teal Handblock Table Runner with Placemats. - 4 Seater",1,0,visible,,"Includes 1 Runner with 4 Placemats.",,,taxable,parent,1,,,0,0,,,,,0,,999,1499,,,,,,,TEALRUNSET,,,,,,0,,size,"4 Seater",,1,
9013,variation,GLORYRUNSET4,,"Glory Handblock Table Runner with Placemats - 4 Seater",1,0,visible,,"Includes 1 Runner with 4 Placemats.",,,taxable,parent,1,,,0,0,,,,,0,,999,1499,,,,,,,"GLORY RUN SET",,,,,,0,,size,"4 Seater",,1,
9014,variation,CORALRUNSET4,,"Coral Handblock Table Runner with Placemats - 4 Seater",1,0,visible,,"Includes 1 Runner with 4 Placemats.",,,taxable,parent,1,,,0,0,,,,,0,,999,1499,,,,,,,"CORAL RUN SET",,,,,,0,,size,"4 Seater",,1,
9015,variation,PETALRUNSET4,,"Petal Handblock Table Runner with Placemats - 4 Seater",1,0,visible,,"Includes 1 Runner with 4 Placemats.",,,taxable,parent,1,,,0,0,,,,,0,,999,1499,,,,,,,PETALRUNSET,,,,,,0,,size,"4 Seater",,1,
9016,variation,LUXRUNSET4,,"Lux Handblock Table Runner with Placemats - 4 Seater",1,0,visible,,"Includes 1 Runner with 4 Placemats.",,,taxable,parent,1,,,0,0,,,,,0,,999,1499,,,,,,,LUXRUNSET,,,,,,0,,size,"4 Seater",,1,
9017,variation,MEADOWRUNSET4,,"Meadow Handblock Table Runner with Placemats - 4 Seater",1,0,visible,,"Includes 1 Runner with 4 Placemats.",,,taxable,parent,1,,,0,0,,,,,0,,999,1499,,,,,,,MEADOWRUNSET,,,,,,0,,size,"4 Seater",,1,
9020,variation,ARCHRUNSET4,,"Arch Handblock Table Runner with Placemats - 4 Seater",1,0,visible,,"Includes 1 Runner with 4 Placemats.",,,taxable,parent,1,,,0,0,,,,,0,,999,1499,,,,,,,ARCHRUNSET,,,,,,0,,size,"4 Seater",,1,
9021,variation,ALPHARUNSET4,,"Alpha Handblock Table Runner with Placemats - 4 Seater",1,0,visible,,"Includes 1 Runner with 4 Placemats.",,,taxable,parent,1,,,0,0,,,,,0,,999,1499,,,,,,,ALPHARUNSET,,,,,,0,,size,"4 Seater",,1,
9022,variation,MOCHARUNSET4,,"Mocha Handblock Table Runner with Placemats - 4 Seater",1,0,visible,,"Includes 1 Runner with 4 Placemats.",,,taxable,parent,1,,,0,0,,,,,0,,999,1499,,,,,,,MOCHARUNSET,,,,,,0,,size,"4 Seater",,1,
9023,variation,LILYRUNSET4,,"Lily Handblock Table Runner with Placemats - 4 Seater",1,0,visible,,"Includes 1 Runner with 4 Placemats.",,,taxable,parent,1,,,0,0,,,,,0,,999,1499,,,,,,,LILYRUNSET,,,,,,0,,size,"4 Seater",,1,
9024,variation,OAKRUNSET4,,"Oak Handblock Table Runner with Placemats - 4 Seater",1,0,visible,,"Includes 1 Runner with 4 Placemats.",,,taxable,parent,1,,,0,0,,,,,0,,999,1499,,,,,,,OAKRUNSET,,,,,,0,,size,"4 Seater",,1,
9391,variation,,,"Midnight Hand Block Cotton Rug - 6 ft * 9 ft",1,0,visible,,"Manufacturing time - 8-10 Days.",,,taxable,parent,1,,,0,0,7.5,20,20,10,0,,4999,8999,,,,,,,id:7284,,,,,,4,,size,"6 ft * 9 ft",,1,
9404,variation,,,"Begonia Hand Block Cotton Rug - 6 ft * 9 ft",1,0,visible,,"Manufacturing time - 8-10 Days.",,,taxable,parent,1,,,0,0,7.5,20,20,10,0,,4999,8999,,,,,,,id:7281,,,,,,4,,size,"6 ft * 9 ft",,1,
9407,variation,,,"Cosmos Hand Block Cotton Rug - 6 ft * 9 ft",1,0,visible,,"Manufacturing time - 8-10 Days.",,,taxable,parent,1,,,0,0,7.8,20,20,10,0,,4999,8999,,,,,,,id:7278,,,,,,4,,size,"6 ft * 9 ft",,1,
9408,variation,,,"Bloom Hand Block Cotton Rug - 6 ft * 9 ft",1,0,visible,,"Manufacturing time - 8-10 Days.",,,taxable,parent,1,,,0,0,7.8,20,20,10,0,,4999,8999,,,,,,,id:7271,,,,,,4,,size,"6 ft * 9 ft",,1,
9409,variation,,,"Petal Hand Block Cotton Rug - 6 ft * 9 ft",1,0,visible,,"Manufacturing time - 8-10 Days.",,,taxable,parent,1,,,0,0,7.8,20,20,10,0,,4999,8999,,,,,,,id:7225,,,,,,4,,size,"6 ft * 9 ft",,1,
9410,variation,,,"Indigo Hand Block Cotton Rug - 6 ft * 9 ft",1,0,visible,,"Manufacturing time - 8-10 Days.",,,taxable,parent,1,,,0,0,7.8,20,20,10,0,,4999,8999,,,,,,,id:7222,,,,,,4,,size,"6 ft * 9 ft",,1,
9411,variation,,,"Desert Rose Hand Block Cotton Rug - 6 ft * 9 ft",1,0,visible,,"Manufacturing time - 8-10 Days.",,,taxable,parent,1,,,0,0,7.8,20,20,10,0,,4999,8999,,,,,,,id:7216,,,,,,4,,size,"6 ft * 9 ft",,1,
9412,variation,,,"Amber Hand Block Cotton Rug - 6 ft * 9 ft",1,0,visible,,"Manufacturing time - 8-10 Days.",,,taxable,parent,1,,,0,0,7.8,20,20,10,0,,4999,8999,,,,,,,id:7197,,,,,,4,,size,"6 ft * 9 ft",,1,
9413,variation,,,"Floral Hand Block Cotton Rug - 6 ft * 9 ft",1,0,visible,,"Manufacturing time - 8-10 Days.",,,taxable,parent,1,,,0,0,7.8,20,20,10,0,,4999,8999,,,,,,,id:7194,,,,,,4,,size,"6 ft * 9 ft",,1,
9414,variation,,,"Camellia Hand Block Cotton Rug - 6 ft * 9 ft",1,0,visible,,"Manufacturing time - 8-10 Days.",,,taxable,parent,1,,,0,0,7.8,20,20,10,0,,4999,8999,,,,,,,id:7188,,,,,,4,,size,"6 ft * 9 ft",,1,
9415,variation,,,"Blossom Hand Block Cotton Rug - 6 ft * 9 ft",1,0,visible,,"Manufacturing time - 8-10 Days.",,,taxable,parent,1,,,0,0,7.8,20,20,10,0,,4999,8999,,,,,,,id:7185,,,,,,4,,size,"6 ft * 9 ft",,1,
9416,variation,,,"Teal Hand Block Cotton Rug - 6 ft * 9 ft",1,0,visible,,"Manufacturing time - 8-10 Days.",,,taxable,parent,1,,,0,0,7.8,20,20,10,0,,4999,8999,,,,,,,id:7181,,,,,,4,,size,"6 ft * 9 ft",,1,
9542,simple,"BOTANICAL TRELLIS QUILTED-2-1-1",,"Blush Bloom Quilted Bedcover Set 100x108 Inches. (Copy)",-1,1,visible,"<ul>\n 	<li data-section-id=""lqijuc"" data-start=""145"" data-end=""186""><strong>🎁 100% Mal Cotton | Cotton filling.</strong></li>\n 	<li data-section-id=""1dd4moi"" data-start=""251"" data-end=""307""><strong>❤️ Reversible Design | Premium Packing.</strong></li>\n 	<li><strong>👇 Shop Now ,Limited Stock.</strong></li>\n</ul>","<h2 class=""PDq2pG_selectionAnchorContainer"" data-section-id=""10tj8yu"" data-start=""172"" data-end=""215""><span role=""text""><strong data-start=""175"" data-end=""215"">Blush Bloom Handblock Quilted Bedcover</strong></span></h2>\n<p data-start=""216"" data-end=""268""><strong data-start=""216"" data-end=""268"">Premium Quilted Bedcover | Size: 100 × 108 Inches</strong></p>\n\n<h3 data-section-id=""1gh5l1n"" data-start=""270"" data-end=""297""><span role=""text""><strong data-start=""274"" data-end=""297"">Product Description</strong></span></h3>\n<p data-start=""299"" data-end=""705"">Transform your bedroom with the timeless elegance of the blush Bloom<strong data-start=""356"" data-end=""396""> Handblock Quilted Bedcover</strong>. Crafted from <strong data-start=""411"" data-end=""451"">premium 82×92 Pure Mal Cotton fabric</strong> and expertly <strong data-start=""465"" data-end=""512"">machine quilted with 220 GSM cotton filling</strong>, this bedcover offers exceptional softness, durability, and comfort. Featuring a beautiful handblock-inspired floral design, it adds a luxurious touch to both modern and traditional interiors.</p>\n\n<h3 data-section-id=""pm8yra"" data-start=""707"" data-end=""727""><span role=""text""><strong data-start=""711"" data-end=""727"">Key Features</strong></span></h3>\n<ul data-start=""729"" data-end=""1665"">\n 	<li data-section-id=""blahw"" data-start=""729"" data-end=""838"">🌸 <strong data-start=""734"" data-end=""774"">Premium 82×92 Pure Mal Cotton Fabric</strong> – Soft, breathable, durable, and made from high-quality cotton.</li>\n 	<li data-section-id=""1soavbu"" data-start=""839"" data-end=""922"">🪡 <strong data-start=""844"" data-end=""870"">220 GSM Cotton Filling</strong> – Provides lightweight warmth and superior comfort.</li>\n 	<li data-section-id=""2isizd"" data-start=""923"" data-end=""1022"">✨ <strong data-start=""927"" data-end=""953"">Machine Quilted Finish</strong> – Fine stitching ensures long-lasting durability and a premium look.</li>\n 	<li data-section-id=""17kc9j4"" data-start=""1023"" data-end=""1105"">🛏️ <strong data-start=""1029"" data-end=""1047"">Bedcover Size:</strong> 100 <strong data-start=""1048"" data-end=""1067"">× 108 Inches</strong> – Ideal for Queen and King size beds.</li>\n 	<li data-section-id=""ye4hdq"" data-start=""1106"" data-end=""1200"">🎨 <strong data-start=""1111"" data-end=""1155"">Elegant Handblock-Inspired Floral Design</strong> – Adds timeless charm to your bedroom décor.</li>\n 	<li data-section-id=""dvhr6o"" data-start=""1201"" data-end=""1291"">🌿 <strong data-start=""1206"" data-end=""1230"">Soft &amp; Skin-Friendly</strong> – Comfortable for everyday use and suitable for all seasons.</li>\n 	<li data-section-id=""vkcyzx"" data-start=""1292"" data-end=""1390"">💪 <strong data-start=""1297"" data-end=""1329"">Premium Quality Construction</strong> – Designed to retain its shape and beauty after regular use.</li>\n 	<li data-section-id=""donchp"" data-start=""1391"" data-end=""1478"">🏡 <strong data-start=""1396"" data-end=""1435"">Perfect for Daily Use &amp; Guest Rooms</strong> – Blends comfort with sophisticated style.</li>\n 	<li data-section-id=""10oxw2n"" data-start=""1479"" data-end=""1580"">🎁 <strong data-start=""1484"" data-end=""1505"">A Thoughtful Gift</strong> – Ideal for weddings, housewarmings, anniversaries, and festive occasions.</li>\n 	<li data-section-id=""1uyx586"" data-start=""1581"" data-end=""1665"">🧺 <strong data-start=""1586"" data-end=""1599"">Easy Care</strong> – Machine washable on a gentle cycle for hassle-free maintenance.</li>\n</ul>\n<h3 data-section-id=""86evjn"" data-start=""1667"" data-end=""1691""><span role=""text""><strong data-start=""1671"" data-end=""1691"">Package Includes</strong></span></h3>\n<ul data-start=""1693"" data-end=""1768"">\n 	<li data-section-id=""1k83m2p"" data-start=""1693"" data-end=""1738"">✔️ 1 Quilted Bedcover (100<strong data-start=""1718"" data-end=""1737""> × 108 Inches</strong>)</li>\n 	<li data-section-id=""1xeboct"" data-start=""1739"" data-end=""1768"">✔️ 2 Matching Pillow Covers</li>\n</ul>",,,taxable,,1,,,0,1,2.2,40,40,8,1,,5999,11999,"Quilted Bedcovers.",,,"https://zafiroindio.com/wp-content/uploads/2026/07/11-14-scaled.jpg, https://zafiroindio.com/wp-content/uploads/2026/07/11-8-scaled.jpg, https://zafiroindio.com/wp-content/uploads/2026/07/11-11-scaled.jpg, https://zafiroindio.com/wp-content/uploads/2026/07/11-18-scaled.jpg, https://zafiroindio.com/wp-content/uploads/2026/07/11-3-scaled.jpg",,,,,,,,,0,,size,"100*108 Inches ( King Size )",1,1,
9601,variable,,,"Vinca Evergreen Bedsheet Set | Gifting Set | Lace Pillow Covers.",1,0,visible,,"<h3 class=""PDq2pG_selectionAnchorContainer"" dir=""auto"" data-section-id=""sefrks"" data-start=""0"" data-end=""45"">210 TC 100% Cotton Digital Print Bedsheet</h3>\n<ul data-start=""47"" data-end=""864"" data-is-last-node="""" data-is-only-node="""">\n 	<li data-section-id=""y4utjk"" data-start=""47"" data-end=""137""><strong data-start=""49"" data-end=""81"">Premium 210 TC Cotton Fabric</strong> – Soft, breathable and comfortable for everyday luxury.</li>\n 	<li data-section-id=""1wkj6zo"" data-start=""138"" data-end=""208""><strong data-start=""140"" data-end=""155"">100% Cotton</strong> – Natural fabric with a smooth and comfortable feel.</li>\n 	<li data-section-id=""1yu1t0d"" data-start=""209"" data-end=""305""><strong data-start=""211"" data-end=""236"">Elegant Digital Print</strong> – Beautiful, detailed prints designed to elevate your bedroom décor.</li>\n 	<li data-section-id=""1e0muhr"" data-start=""306"" data-end=""395""><strong data-start=""308"" data-end=""330"">King Size Bedsheet</strong> – Generous <strong data-start=""342"" data-end=""362"" data-is-only-node="""">108 × 108 inches</strong> size for excellent bed coverage.</li>\n 	<li data-section-id=""1bgxrcb"" data-start=""396"" data-end=""481""><strong data-start=""398"" data-end=""426"">Includes 2 Pillow Covers</strong> – Comes with <strong data-start=""440"" data-end=""480"" data-is-only-node="""">2 matching lace-detail pillow covers</strong>.</li>\n 	<li data-section-id=""13glnaf"" data-start=""482"" data-end=""569""><strong data-start=""484"" data-end=""508"">Premium Gift Packing</strong> – Beautifully packed, making it an ideal choice for gifting.</li>\n 	<li data-section-id=""tloqfg"" data-start=""570"" data-end=""654""><strong data-start=""572"" data-end=""594"">Soft &amp; Comfortable</strong> – Designed for a comfortable and relaxing sleep experience.</li>\n 	<li data-section-id=""7yrf5o"" data-start=""655"" data-end=""754""><strong data-start=""657"" data-end=""680"">Stylish &amp; Versatile</strong> – Perfect for adding an elegant touch to modern and traditional bedrooms.</li>\n 	<li data-section-id=""13wcq78"" data-start=""755"" data-end=""864"" data-is-last-node=""""><strong data-start=""757"" data-end=""780"">Perfect for Gifting</strong> – A thoughtful choice for weddings, housewarmings, festivals and special occasions.</li>\n</ul>",,,taxable,,1,,,0,0,1.2,20,20,10,1,,,,"Vinca Evergreen Bedsheet Set.",,,"https://zafiroindio.com/wp-content/uploads/2026/09/82A5274-scaled.jpg, https://zafiroindio.com/wp-content/uploads/2026/09/82A5278-scaled.jpg, https://zafiroindio.com/wp-content/uploads/2026/09/82A5275-scaled.jpg, https://zafiroindio.com/wp-content/uploads/2026/09/82A5285-scaled.jpg, https://zafiroindio.com/wp-content/uploads/2026/09/82A5286-scaled.jpg",,,,,,,,,0,,color,"Black, Blue, Brown",1,1,
9708,variation,,,"Vinca Evergreen Bedsheet Set | Gifting Set | Lace Pillow Covers. - Black",1,0,visible,,,,,taxable,parent,1,,,0,0,,,,,0,,1999,3999,,,,https://zafiroindio.com/wp-content/uploads/2026/09/82A5290-scaled.jpg,,,id:9601,,,,,,1,,color,Black,,1,
9709,variation,,,"Vinca Evergreen Bedsheet Set | Gifting Set | Lace Pillow Covers. - Blue",1,0,visible,,,,,taxable,parent,1,,,0,0,,,,,0,,1999,3999,,,,https://zafiroindio.com/wp-content/uploads/2026/09/82A5274-scaled.jpg,,,id:9601,,,,,,2,,color,Blue,,1,
9710,variation,,,"Vinca Evergreen Bedsheet Set | Gifting Set | Lace Pillow Covers. - Brown",1,0,visible,,,,,taxable,parent,1,,,0,0,,,,,0,,1999,3999,,,,https://zafiroindio.com/wp-content/uploads/2026/09/82A5246-scaled.jpg,,,id:9601,,,,,,3,,color,Brown,,1,
